case,n,method,scenario,budget,port_error_pct,node_voltage_error_pct,branch_current_error_pct,displacement_current_error_pct,solve_ms,c_keep,m_keep
0,4,distance,C_only,0.4,7.479334863102337e-05,6.109596522158277e-05,1.1221816003393926e-05,40.78924940547044,4.063349999341881,0.375,1.0
0,4,distance,M_only,0.4,97.12306476495668,6.679781851239976,97.28118557957228,6.440426146851726,3.8717999996151775,1.0,0.39285714285714285
0,4,distance,joint,0.4,97.12305338973229,6.679961307240975,97.28118650283321,41.19056316866345,3.8364499996532686,0.375,0.39285714285714285
0,4,distance,C_only,0.6,2.706124929600514e-05,1.7004513655960067e-05,3.288693801892356e-06,17.5814967623303,3.6160499994366546,0.625,1.0
0,4,distance,M_only,0.6,98.67529056491855,3.6516614369528084,98.63214699217386,4.584088328035356,3.871800000524672,1.0,0.6071428571428571
0,4,distance,joint,0.6,98.67528629684536,3.6517199484047427,98.63214706019173,18.15826331186764,4.292699999496108,0.625,0.6071428571428571
0,4,distance,C_only,0.8,8.850505129466085e-06,7.931937419251846e-06,1.7766453651606343e-06,10.751792063095742,4.495549999774084,0.8125,1.0
0,4,distance,M_only,0.8,98.69981633834747,4.824736786640161,98.7721181589621,5.578359836944511,4.157299998951203,1.0,0.7857142857142857
0,4,distance,joint,0.8,98.69981529188941,4.824767588426945,98.77211822780282,12.109072607005553,4.21849999929691,0.8125,0.7857142857142857
0,4,distance,C_only,0.9,4.932225371421948e-06,1.4798252452903525e-06,5.655986306542505e-07,5.564631750605993,4.22805000016524,0.875,1.0
0,4,distance,M_only,0.9,98.4839077203869,5.369681645929192,98.44289363501514,5.429488131416071,4.255400000147347,1.0,0.8928571428571428
0,4,distance,joint,0.9,98.48390661714335,5.369683429245232,98.44289363859721,7.769663077825227,8.007449999240634,0.875,0.8928571428571428
0,4,distance,C_only,0.95,3.153120254722264e-06,2.481640647172044e-07,5.307281462283704e-07,5.221587553976943,3.317250000691274,0.9375,1.0
0,4,distance,M_only,0.95,96.28462962109423,8.672731474088517,96.3801191845349,8.005757689125788,3.756650000468653,1.0,0.9642857142857142
0,4,distance,joint,0.95,96.28462961775585,8.672733688000056,96.38011921198134,9.55731199580985,3.977300000769901,0.9375,0.9642857142857142
0,4,distance,C_only,1.0,0.0,0.0,0.0,0.0,4.329649999817775,1.0,1.0
0,4,distance,M_only,1.0,0.0,0.0,0.0,0.0,3.3890500008055824,1.0,1.0
0,4,distance,joint,1.0,0.0,0.0,0.0,0.0,3.456200000073295,1.0,1.0
0,4,magnitude,C_only,0.4,9.400028323265316e-05,6.34786363114502e-05,1.0812258382154169e-05,44.14088547269549,4.030299999612907,0.375,1.0
0,4,magnitude,M_only,0.4,98.11983730857504,13.292298799386012,98.7209451229823,11.42306720705343,4.546949999166827,1.0,0.39285714285714285
0,4,magnitude,joint,0.4,98.11983288036717,13.29230940664275,98.72094207288842,45.27091513168656,6.270299999414419,0.375,0.39285714285714285
0,4,magnitude,C_only,0.6,2.706124929600514e-05,1.7004513655960067e-05,3.288693801892356e-06,17.5814967623303,4.8441500002809335,0.625,1.0
0,4,magnitude,M_only,0.6,97.8412827951902,17.931193969406355,98.16297802078914,13.715025596057433,4.216300000734918,1.0,0.6071428571428571
0,4,magnitude,joint,0.6,97.84128184584769,17.931195410195347,98.16297735354794,22.16814985831739,3.8584500007345923,0.625,0.6071428571428571
0,4,magnitude,C_only,0.8,1.2530443414119821e-05,1.7297488043060512e-06,1.7040995306551757e-06,12.628551463476558,3.195600000253762,0.8125,1.0
0,4,magnitude,M_only,0.8,552.8344318771501,0.0008795303307254298,259.6018649201037,0.004531048163624008,3.6995000000388245,1.0,0.7857142857142857
0,4,magnitude,joint,0.8,552.8344316896869,0.0008424156057997333,259.60186492010365,12.62855220053777,4.202600000098755,0.8125,0.7857142857142857
0,4,magnitude,C_only,0.9,4.932225371421948e-06,1.4798252452903525e-06,5.655986306542505e-07,5.564631750605993,4.095600000255217,0.875,1.0
0,4,magnitude,M_only,0.9,75.96700690360687,27.0771541259811,76.15983534697567,20.48133285708303,4.085599999598344,1.0,0.8928571428571428
0,4,magnitude,joint,0.9,75.9670059407475,27.07715335018156,76.15983520371228,21.22007078281081,4.043549999551033,0.875,0.8928571428571428
0,4,magnitude,C_only,0.95,3.153120254722264e-06,2.481640647172044e-07,5.307281462283704e-07,5.221587553976943,3.8425000002462184,0.9375,1.0
0,4,magnitude,M_only,0.95,76.62432343504362,17.331492201516653,76.65160664427711,13.90610153617858,4.358350000075006,1.0,0.9642857142857142
0,4,magnitude,joint,0.95,76.62432337872893,17.3314918966104,76.65160650536394,14.849014781702543,4.019049999442359,0.9375,0.9642857142857142
0,4,magnitude,C_only,1.0,0.0,0.0,0.0,0.0,4.117649999898276,1.0,1.0
0,4,magnitude,M_only,1.0,0.0,0.0,0.0,0.0,4.250050000337069,1.0,1.0
0,4,magnitude,joint,1.0,0.0,0.0,0.0,0.0,3.6605999994208105,1.0,1.0
0,4,physics_proxy,C_only,0.4,5.3691150311694255e-05,6.417766484785025e-05,1.0295092556844109e-05,33.65689225137654,4.815049999706389,0.375,1.0
0,4,physics_proxy,M_only,0.4,97.45546005583384,10.522596383095598,98.28881319137696,10.776392890935833,4.017299999759416,1.0,0.39285714285714285
0,4,physics_proxy,joint,0.4,97.45544211260649,10.522604030428395,98.28881441951137,34.8635442054393,4.492000000936969,0.375,0.39285714285714285
0,4,physics_proxy,C_only,0.6,2.5147736373608315e-05,2.2715366190650924e-05,3.4785733003083833e-06,15.755027751808809,4.268800000318151,0.625,1.0
0,4,physics_proxy,M_only,0.6,94.37241191428288,16.027931779580936,95.25118001511417,16.623411530654668,3.559450000466313,1.0,0.6071428571428571
0,4,physics_proxy,joint,0.6,94.37240165238964,16.027933114416925,95.25118054076023,22.555381645862777,4.1168999996443745,0.625,0.6071428571428571
0,4,physics_proxy,C_only,0.8,8.85554232929909e-06,4.473396888040023e-06,9.598527192417415e-07,6.831660800773105,4.012450001027901,0.8125,1.0
0,4,physics_proxy,M_only,0.8,552.8344318771501,0.0008795303307254298,259.6018649201037,0.004531048163624008,4.05990000035672,1.0,0.7857142857142857
0,4,physics_proxy,joint,0.8,552.8344315098159,0.0008557938507790491,259.6018649201037,6.8316622142250125,3.5736500003622496,0.8125,0.7857142857142857
0,4,physics_proxy,C_only,0.9,7.494412746322421e-06,4.460196875451468e-06,7.203652651446533e-07,4.405293714719854,4.1800999988481635,0.875,1.0
0,4,physics_proxy,M_only,0.9,75.96700690360687,27.0771541259811,76.15983534697567,20.48133285708303,4.308800000217161,1.0,0.8928571428571428
0,4,physics_proxy,joint,0.9,75.96700599843558,27.077154106131225,76.15983495468058,20.7620482587812,4.362449999462115,0.875,0.8928571428571428
0,4,physics_proxy,C_only,0.95,3.1581760066476237e-06,1.4588669654941229e-06,1.9552187344763744e-07,1.9235773797793758,5.743149999943853,0.9375,1.0
0,4,physics_proxy,M_only,0.95,76.62432343504362,17.331492201516653,76.65160664427711,13.90610153617858,4.905949999738368,1.0,0.9642857142857142
0,4,physics_proxy,joint,0.95,76.62432253120934,17.331492201494505,76.65160664427711,14.038512012999812,5.3481499999179505,0.9375,0.9642857142857142
0,4,physics_proxy,C_only,1.0,0.0,0.0,0.0,0.0,4.846549999456329,1.0,1.0
0,4,physics_proxy,M_only,1.0,0.0,0.0,0.0,0.0,4.032099999676575,1.0,1.0
0,4,physics_proxy,joint,1.0,0.0,0.0,0.0,0.0,4.223650000312773,1.0,1.0
0,4,learned_gate,C_only,0.4,5.3691150311694255e-05,6.417766484785025e-05,1.0295092556844109e-05,33.65689225137654,4.455449999113625,0.375,1.0
0,4,learned_gate,M_only,0.4,97.45017054434398,6.045597919015637,98.2854038195788,5.619779041347279,4.089899999598856,1.0,0.39285714285714285
0,4,learned_gate,joint,0.4,97.45016143436096,6.045580041018432,98.2854034591633,33.969692228974054,4.265750000740809,0.375,0.39285714285714285
0,4,learned_gate,C_only,0.6,2.5147736373608315e-05,2.2715366190650924e-05,3.4785733003083833e-06,15.755027751808809,4.024400000162132,0.625,1.0
0,4,learned_gate,M_only,0.6,96.63571321896536,4.800564501659468,97.15117332074506,3.4570711122921947,3.9382499999192078,1.0,0.6071428571428571
0,4,learned_gate,joint,0.6,96.63570711282908,4.800560443078843,97.1511733071064,16.115935037716334,3.8165500000104657,0.625,0.6071428571428571
0,4,learned_gate,C_only,0.8,8.85554232929909e-06,4.473396888040023e-06,9.598527192417415e-07,6.831660800773105,4.176700000243727,0.8125,1.0
0,4,learned_gate,M_only,0.8,552.8344318771501,0.0008795303307254298,259.6018649201037,0.004531048163624008,4.637399999410263,1.0,0.7857142857142857
0,4,learned_gate,joint,0.8,552.8344315098159,0.0008557938507790491,259.6018649201037,6.8316622142250125,4.161299999395851,0.8125,0.7857142857142857
0,4,learned_gate,C_only,0.9,7.494412746322421e-06,4.460196875451468e-06,7.203652651446533e-07,4.405293714719854,3.9569999999002903,0.875,1.0
0,4,learned_gate,M_only,0.9,2.5450887789499532,71.66890047626696,1.5691067131862568,59.79164941488159,3.6034499999004765,1.0,0.8928571428571428
0,4,learned_gate,joint,0.9,2.545089936337694,71.6688998722147,1.5691071939249541,59.82540885533828,4.020949999357981,0.875,0.8928571428571428
0,4,learned_gate,C_only,0.95,3.1581760066476237e-06,1.4588669654941229e-06,1.9552187344763744e-07,1.9235773797793758,5.630249999740045,0.9375,1.0
0,4,learned_gate,M_only,0.95,76.62435122282562,10.006339538882719,76.65159927346551,7.508165701800709,5.263299999569426,1.0,0.9642857142857142
0,4,learned_gate,joint,0.95,76.62435031898195,10.006339538843806,76.65159927346551,7.750658310996412,6.951899999876332,0.9375,0.9642857142857142
0,4,learned_gate,C_only,1.0,0.0,0.0,0.0,0.0,3.71149999955378,1.0,1.0
0,4,learned_gate,M_only,1.0,0.0,0.0,0.0,0.0,4.025500000352622,1.0,1.0
0,4,learned_gate,joint,1.0,0.0,0.0,0.0,0.0,3.8136500006658025,1.0,1.0
1,4,distance,C_only,0.4,1.4767507497647e-05,1.0946225993463358e-05,2.3909973451926666e-06,11.834840753047384,3.747599999769591,0.375,1.0
1,4,distance,M_only,0.4,97.1207007392473,6.259517899503707,97.29531540719314,6.609557245953444,3.3518999998705112,1.0,0.39285714285714285
1,4,distance,joint,0.4,97.12069861455834,6.2595720653576645,97.29531560742849,13.529044731578091,3.407100000003993,0.375,0.39285714285714285
1,4,distance,C_only,0.6,1.5937676690671617e-06,9.005125491636862e-07,1.9865252498816472e-07,1.2483094656340967,3.221000000849017,0.625,1.0
1,4,distance,M_only,0.6,98.62342061652647,5.732622203391127,98.57328126994467,6.775625419884361,3.936099999009457,1.0,0.6071428571428571
1,4,distance,joint,0.6,98.62342029068142,5.73262438797537,98.5732812754448,6.889165391917194,3.8562500003536115,0.625,0.6071428571428571
1,4,distance,C_only,0.8,2.9693091983779923e-07,3.7379137681064095e-07,8.291717407183562e-08,0.6208740991415563,3.2207499998548883,0.8125,1.0
1,4,distance,M_only,0.8,98.69908578725494,4.659182357379944,98.77901937160499,5.606381151878886,3.9644000007683644,1.0,0.7857142857142857
1,4,distance,joint,0.8,98.69908576950446,4.659184178689237,98.77901937551404,5.64066798908342,4.060149999531859,0.8125,0.7857142857142857
1,4,distance,C_only,0.9,7.115069286964787e-08,1.6608995432025815e-08,8.236807173493452e-09,0.09317471289095407,4.512900000008813,0.875,1.0
1,4,distance,M_only,0.9,98.48287545945657,5.199159208252836,98.43723549053584,5.4734345697216895,3.5678499998539337,1.0,0.8928571428571428
1,4,distance,joint,0.9,98.48287544259256,5.199159243540767,98.4372354906264,5.474226123426202,3.772199999730219,0.875,0.8928571428571428
1,4,distance,C_only,0.95,4.315296582004529e-08,3.270875206202889e-09,7.747991442352701e-09,0.08764544108711217,3.3402500002921443,0.9375,1.0
1,4,distance,M_only,0.95,96.28075209257896,8.112683917473582,96.38586885907344,8.21678132546929,7.0346000002246,1.0,0.9642857142857142
1,4,distance,joint,0.95,96.28075209253277,8.112683955224659,96.38586885948406,8.217249084054934,7.340800000747549,0.9375,0.9642857142857142
1,4,distance,C_only,1.0,0.0,0.0,0.0,0.0,4.530649999651359,1.0,1.0
1,4,distance,M_only,1.0,0.0,0.0,0.0,0.0,6.6607999997359,1.0,1.0
1,4,distance,joint,1.0,0.0,0.0,0.0,0.0,3.9411999996445957,1.0,1.0
1,4,magnitude,C_only,0.4,1.6229749396804546e-05,1.0158891333775532e-05,2.0346781628514527e-06,11.944245878657563,5.7954500007326715,0.375,1.0
1,4,magnitude,M_only,0.4,98.11901579892711,12.106203126372565,98.78470344725247,10.493410215043829,3.9082500006770715,1.0,0.39285714285714285
1,4,magnitude,joint,0.4,98.11901505185719,12.106204312970494,98.78470279551308,15.842011354278338,4.227499999615247,0.375,0.39285714285714285
1,4,magnitude,C_only,0.6,1.5937676690671617e-06,9.005125491636862e-07,1.9865252498816472e-07,1.2483094656340967,3.5565000007409253,0.625,1.0
1,4,magnitude,M_only,0.6,97.84000411238894,16.560520772290907,98.19611483743725,13.066563688395789,3.877650000504218,1.0,0.6071428571428571
1,4,magnitude,joint,0.6,97.84000405942686,16.560520839029564,98.19611478512968,13.123255575471719,3.6715500009449897,0.625,0.6071428571428571
1,4,magnitude,C_only,0.8,5.368100709029794e-07,4.5307819787248505e-08,8.832420727229861e-08,0.8241416354317512,3.2502499989277567,0.8125,1.0
1,4,magnitude,M_only,0.8,483.35776660664544,0.00047111634201282425,223.13147683829558,0.0023138969257476454,3.5940499992648256,1.0,0.7857142857142857
1,4,magnitude,joint,0.8,483.3577666020934,0.0004697123977690961,223.13147683829553,0.8241448590779619,3.178450000632438,0.8125,0.7857142857142857
1,4,magnitude,C_only,0.9,7.115069286964787e-08,1.6608995432025815e-08,8.236807173493452e-09,0.09317471289095407,3.3549499994478538,0.875,1.0
1,4,magnitude,M_only,0.9,75.86726159740847,25.29088601045509,76.06391343441538,21.53645455021486,3.310800000690506,1.0,0.8928571428571428
1,4,magnitude,joint,0.9,75.8672615827998,25.290885997232653,76.06391343230013,21.53665483265386,3.5879999995813705,0.875,0.8928571428571428
1,4,magnitude,C_only,0.95,4.315296582004529e-08,3.270875206202889e-09,7.747991442352701e-09,0.08764544108711217,3.5551000000850763,0.9375,1.0
1,4,magnitude,M_only,0.95,76.52679199046794,16.196323792450805,76.54069704716508,13.832658457997715,4.33809999958612,1.0,0.9642857142857142
1,4,magnitude,joint,0.95,76.52679198968796,16.196323787272075,76.54069704511342,13.832934408586203,7.997199999408622,0.9375,0.9642857142857142
1,4,magnitude,C_only,1.0,0.0,0.0,0.0,0.0,3.702099999827624,1.0,1.0
1,4,magnitude,M_only,1.0,0.0,0.0,0.0,0.0,3.708850000293751,1.0,1.0
1,4,magnitude,joint,1.0,0.0,0.0,0.0,0.0,3.4162000001742854,1.0,1.0
1,4,physics_proxy,C_only,0.4,1.0364514793433453e-05,1.1899398408500683e-05,2.171868902563104e-06,9.255890384394364,3.5916999986511655,0.375,1.0
1,4,physics_proxy,M_only,0.4,97.45430344630587,9.705066227866345,98.37719979823841,10.67411284975855,3.8413000002037734,1.0,0.39285714285714285
1,4,physics_proxy,joint,0.4,97.45429994729388,9.705067968722165,98.37720016237725,14.04043607669457,3.6418500003492227,0.375,0.39285714285714285
1,4,physics_proxy,C_only,0.6,1.5937676690671617e-06,9.005125491636862e-07,1.9865252498816472e-07,1.2483094656340967,3.6334000005808775,0.625,1.0
1,4,physics_proxy,M_only,0.6,96.08175750827486,17.688553343428506,96.75019154571078,19.65936541888503,4.231099999742582,1.0,0.6071428571428571
1,4,physics_proxy,joint,0.6,96.08175677274217,17.688554037368,96.75019157551468,19.696546907089186,3.8995000004433678,0.625,0.6071428571428571
1,4,physics_proxy,C_only,0.8,5.60744848039767e-07,3.363512840147614e-07,4.887988200460522e-08,0.4666990079181842,4.004699999313743,0.8125,1.0
1,4,physics_proxy,M_only,0.8,483.35776660664544,0.00047111634201282425,223.13147683829558,0.0023138969257476454,3.7491000002773944,1.0,0.7857142857142857
1,4,physics_proxy,joint,0.8,483.3577665819427,0.0004701543118991775,223.13147683829553,0.46670472302273014,3.436599999986356,0.8125,0.7857142857142857
1,4,physics_proxy,C_only,0.9,7.115069286964787e-08,1.6608995432025815e-08,8.236807173493452e-09,0.09317471289095407,4.189599999335769,0.875,1.0
1,4,physics_proxy,M_only,0.9,75.86726159740847,25.29088601045509,76.06391343441538,21.53645455021486,3.8624499993602512,1.0,0.8928571428571428
1,4,physics_proxy,joint,0.9,75.8672615827998,25.290885997232653,76.06391343230013,21.53665483265386,3.8349000005837297,0.875,0.8928571428571428
1,4,physics_proxy,C_only,0.95,4.7815711130672534e-08,1.6283728276917118e-08,2.795278894001325e-09,0.0316196739223642,4.072050000104355,0.9375,1.0
1,4,physics_proxy,M_only,0.95,76.52679199046794,16.196323792450805,76.54069704716508,13.832658457997715,3.4740000000965665,1.0,0.9642857142857142
1,4,physics_proxy,joint,0.95,76.52679197667405,16.196323792450666,76.54069704716507,13.832694591436304,3.685500000756292,0.9375,0.9642857142857142
1,4,physics_proxy,C_only,1.0,0.0,0.0,0.0,0.0,4.33820000034757,1.0,1.0
1,4,physics_proxy,M_only,1.0,0.0,0.0,0.0,0.0,5.05434999922727,1.0,1.0
1,4,physics_proxy,joint,1.0,0.0,0.0,0.0,0.0,5.470250000144006,1.0,1.0
1,4,learned_gate,C_only,0.4,1.0364514793433453e-05,1.1899398408500683e-05,2.171868902563104e-06,9.255890384394364,6.317350001154409,0.375,1.0
1,4,learned_gate,M_only,0.4,97.44902333398642,5.591495383334618,98.37398261893203,5.62609129556402,3.93774999974994,1.0,0.39285714285714285
1,4,learned_gate,joint,0.4,97.44902215404328,5.5914917043106955,98.37398241755197,10.806935398146726,5.072549999567855,0.375,0.39285714285714285
1,4,learned_gate,C_only,0.6,1.5937676690671617e-06,9.005125491636862e-07,1.9865252498816472e-07,1.2483094656340967,4.3043999994552,0.625,1.0
1,4,learned_gate,M_only,0.6,96.63331088942186,4.463992681602228,97.20384209830667,3.5307652482959693,3.787249999732012,1.0,0.6071428571428571
1,4,learned_gate,joint,0.6,96.63331056684757,4.463991995033764,97.20384209598825,3.7446825942198663,4.0868500000215136,0.625,0.6071428571428571
1,4,learned_gate,C_only,0.8,5.60744848039767e-07,3.363512840147614e-07,4.887988200460522e-08,0.4666990079181842,3.47804999910295,0.8125,1.0
1,4,learned_gate,M_only,0.8,483.35776660664544,0.00047111634201282425,223.13147683829558,0.0023138969257476454,3.4251999995831284,1.0,0.7857142857142857
1,4,learned_gate,joint,0.8,483.3577665819427,0.0004701543118991775,223.13147683829553,0.46670472302273014,3.6585500001820037,0.8125,0.7857142857142857
1,4,learned_gate,C_only,0.9,7.115069286964787e-08,1.6608995432025815e-08,8.236807173493452e-09,0.09317471289095407,3.278449999925215,0.875,1.0
1,4,learned_gate,M_only,0.9,2.527984812737236,65.53030585403519,1.4895174795831836,59.349800781193906,3.9812500008338247,1.0,0.8928571428571428
1,4,learned_gate,joint,0.9,2.527984837646135,65.53030584000292,1.489517487584194,59.349866672294084,3.8749000004827394,0.875,0.8928571428571428
1,4,learned_gate,C_only,0.95,4.7815711130672534e-08,1.6283728276917118e-08,2.795278894001325e-09,0.0316196739223642,4.325049999351904,0.9375,1.0
1,4,learned_gate,M_only,0.95,76.5268108337002,9.350950521940876,76.54069220110505,7.8951206831953336,4.005449999567645,1.0,0.9642857142857142
1,4,learned_gate,joint,0.95,76.5268108199062,9.35095052194064,76.54069220110503,7.895183998369043,3.0747500004508765,0.9375,0.9642857142857142
1,4,learned_gate,C_only,1.0,0.0,0.0,0.0,0.0,3.3404499999960535,1.0,1.0
1,4,learned_gate,M_only,1.0,0.0,0.0,0.0,0.0,3.0859499993312056,1.0,1.0
1,4,learned_gate,joint,1.0,0.0,0.0,0.0,0.0,3.1391500006066053,1.0,1.0
2,8,distance,C_only,0.4,5.0757601008732814e-05,5.464142970785903e-05,7.074214498270263e-06,35.56807058696793,10.004550000303425,0.40625,1.0
2,8,distance,M_only,0.4,98.19252411879476,3.676213369019226,98.25189500958056,3.3789279289204743,8.530899999641406,1.0,0.4
2,8,distance,joint,0.4,98.19251721077629,3.6764793508080866,98.25189488239717,35.710865068664994,12.186349998955848,0.40625,0.4
2,8,distance,C_only,0.6,2.4966424759321663e-05,2.4367253927141465e-05,3.128026279946414e-06,20.161350572759112,12.834699999984878,0.59375,1.0
2,8,distance,M_only,0.6,98.57865244098667,4.173056020030307,98.62118994195411,4.73432939654395,11.533249999956752,1.0,0.6
2,8,distance,joint,0.6,98.5786483893869,4.173047298949102,98.62118985452622,20.69501181380553,15.289799999663956,0.59375,0.6
2,8,distance,C_only,0.8,7.3358300371441715e-06,4.562587643246987e-06,8.506516768048748e-07,9.079670822956922,10.873049999645445,0.796875,1.0
2,8,distance,M_only,0.8,98.04168658813803,3.4881514297920706,98.04308161916462,4.109507065831321,9.645150000324065,1.0,0.8
2,8,distance,joint,0.8,98.04168512745747,3.488150450794753,98.04308161936859,9.961919755858608,9.925349999321043,0.796875,0.8
2,8,distance,C_only,0.9,2.5785591007666873e-06,1.0288506166843232e-06,2.7479000317994574e-07,4.742239944973336,7.441699999617413,0.90625,1.0
2,8,distance,M_only,0.9,98.24671811781396,2.2502720338098725,98.2466582018714,2.6647379625574086,7.596200000989484,1.0,0.9
2,8,distance,joint,0.9,98.24671758673732,2.250271862558515,98.24665820188925,5.438777113832839,7.432600000356615,0.90625,0.9
2,8,distance,C_only,0.95,1.3092088654384954e-06,5.0230324346035e-07,8.157821850407497e-08,2.3142413516761167,7.329199999730918,0.953125,1.0
2,8,distance,M_only,0.95,97.94309330383254,2.4928449236886188,97.96909956577957,2.5608856575212857,11.97980000051757,1.0,0.95
2,8,distance,joint,0.95,97.94309298149611,2.492844634543402,97.9690995651111,3.4512635170389885,9.612400000150956,0.953125,0.95
2,8,distance,C_only,1.0,0.0,0.0,0.0,0.0,16.102200000204903,1.0,1.0
2,8,distance,M_only,1.0,0.0,0.0,0.0,0.0,16.679200000908168,1.0,1.0
2,8,distance,joint,1.0,0.0,0.0,0.0,0.0,14.625050000176998,1.0,1.0
2,8,magnitude,C_only,0.4,4.1910611736035244e-05,4.9715480806801925e-05,7.059990968502627e-06,33.5021814120536,11.13829999940208,0.40625,1.0
2,8,magnitude,M_only,0.4,98.14310837511249,13.585351255121061,98.74023053929265,11.291469333473096,7.973249999849941,1.0,0.4
2,8,magnitude,joint,0.4,98.14310519237911,13.585351798956802,98.74022841004987,35.065347456218326,8.219049999752315,0.40625,0.4
2,8,magnitude,C_only,0.6,2.1301020010075382e-05,2.296201097316653e-05,3.336690498651724e-06,20.284678797212518,7.783500000186905,0.59375,1.0
2,8,magnitude,M_only,0.6,97.86711277628697,18.96906692722138,98.1907830377427,12.640468398307082,8.696999999301624,1.0,0.6
2,8,magnitude,joint,0.6,97.8671117345319,18.969064432038685,98.19078208952234,23.656441277008827,14.828500000476197,0.59375,0.6
2,8,magnitude,C_only,0.8,7.324297069300117e-06,5.92403141606344e-06,9.963554132296366e-07,9.981289549312198,7.846550000067509,0.796875,1.0
2,8,magnitude,M_only,0.8,11.51249008690217,85.49690606016297,9.148259368455298,67.33335759823302,7.779999999911524,1.0,0.8
2,8,magnitude,joint,0.8,11.512493477503345,85.4969026005151,9.148261374708573,67.87262551001868,11.61709999996674,0.796875,0.8
2,8,magnitude,C_only,0.9,2.5785591007666873e-06,1.0288506166843232e-06,2.7479000317994574e-07,4.742239944973336,8.01210000008723,0.90625,1.0
2,8,magnitude,M_only,0.9,79.94193633197378,30.845149123684052,80.1058631983378,23.46694531317582,7.929150000563823,1.0,0.9
2,8,magnitude,joint,0.9,79.9419358319172,30.845148811433283,80.10586308785054,23.935114119509862,16.765899999882095,0.90625,0.9
2,8,magnitude,C_only,0.95,1.1185500846229747e-06,5.599076322451996e-07,1.6875326786398114e-07,3.3946117507191986,14.431300000069314,0.953125,1.0
2,8,magnitude,M_only,0.95,84.14474162680922,18.448268065612254,84.19761696446616,13.710452506660644,11.483849999422091,1.0,0.95
2,8,magnitude,joint,0.95,84.14474146053773,18.448267982962037,84.1976169386119,14.123747483451055,12.785399999302172,0.953125,0.95
2,8,magnitude,C_only,1.0,0.0,0.0,0.0,0.0,10.11079999989306,1.0,1.0
2,8,magnitude,M_only,1.0,0.0,0.0,0.0,0.0,15.464300000530784,1.0,1.0
2,8,magnitude,joint,1.0,0.0,0.0,0.0,0.0,13.374449999901117,1.0,1.0
2,8,physics_proxy,C_only,0.4,3.307872610642058e-05,4.510600383909343e-05,5.858188375342727e-06,27.114520165196936,16.57199999954173,0.40625,1.0
2,8,physics_proxy,M_only,0.4,96.89656513545226,11.438068954636003,97.93205156425236,11.24665361082608,9.86794999880658,1.0,0.4
2,8,physics_proxy,joint,0.4,96.89655286617166,11.438071720089482,97.93205239991548,28.935204976992342,7.807449999745586,0.40625,0.4
2,8,physics_proxy,C_only,0.6,1.793986283538288e-05,2.0850465676181283e-05,2.695708498661114e-06,16.35226807174016,7.785100000546663,0.59375,1.0
2,8,physics_proxy,M_only,0.6,96.72436279662718,21.3090517147042,97.23483939892658,19.100305619823896,7.403300000078161,1.0,0.6
2,8,physics_proxy,joint,0.6,96.72435230751564,21.30905379927989,97.23483970756936,24.51935549176076,12.088250000488188,0.59375,0.6
2,8,physics_proxy,C_only,0.8,8.809408167842595e-06,6.028520948055095e-06,7.555869645588641e-07,6.646132740481146,10.882100000344508,0.796875,1.0
2,8,physics_proxy,M_only,0.8,50.41842025018769,121.98475883948139,46.13779327631225,101.10798707261277,12.1155999995608,1.0,0.8
2,8,physics_proxy,joint,0.8,50.41844088779139,121.98475534220651,46.137799369264734,99.67479924720925,11.63910000013857,0.796875,0.8
2,8,physics_proxy,C_only,0.9,3.823891383043819e-06,1.7305557976131062e-06,2.3736900007990013e-07,2.584768166989361,15.480799999750161,0.90625,1.0
2,8,physics_proxy,M_only,0.9,79.94193633197378,30.845149123684052,80.1058631983378,23.46694531317582,11.031300000468036,1.0,0.9
2,8,physics_proxy,joint,0.9,79.94193580393271,30.845149118453634,80.10586308474717,23.53152595248902,7.45565000033821,0.90625,0.9
2,8,physics_proxy,C_only,0.95,1.5955176805778548e-06,4.947279035351588e-07,8.82705945818311e-08,1.3106966686381953,7.659799999601091,0.953125,1.0
2,8,physics_proxy,M_only,0.95,79.91996831784634,23.31823975495467,79.98016292341646,16.97271713969792,7.445349999215978,1.0,0.95
2,8,physics_proxy,joint,0.95,79.91996799659705,23.31823975163794,79.9801629163541,17.016609682341265,8.616099999926519,0.953125,0.95
2,8,physics_proxy,C_only,1.0,0.0,0.0,0.0,0.0,11.602000000493717,1.0,1.0
2,8,physics_proxy,M_only,1.0,0.0,0.0,0.0,0.0,11.393199999474746,1.0,1.0
2,8,physics_proxy,joint,1.0,0.0,0.0,0.0,0.0,12.579150000419759,1.0,1.0
2,8,learned_gate,C_only,0.4,3.643239756771873e-05,4.8329948347426275e-05,6.171526053503963e-06,28.297599649327033,8.959000000686501,0.40625,1.0
2,8,learned_gate,M_only,0.4,97.20507849186565,7.9176437997289835,98.13201842077297,7.72394092408548,9.748599999511498,1.0,0.4
2,8,learned_gate,joint,0.4,97.2050734033413,7.91763914775519,98.13201754356999,29.219239201634846,10.174199999710254,0.40625,0.4
2,8,learned_gate,C_only,0.6,2.0371016932453912e-05,2.3572470179828357e-05,2.8864802344509403e-06,17.20013098576638,10.37940000060189,0.59375,1.0
2,8,learned_gate,M_only,0.6,95.9037324592224,7.6887125242000725,96.54840616832712,5.562666399753426,8.992699999907927,1.0,0.6
2,8,learned_gate,joint,0.6,95.90372648414419,7.688710406160158,96.54840614596765,18.01764463828851,12.730249999549414,0.59375,0.6
2,8,learned_gate,C_only,0.8,8.557278995169325e-06,5.5264113684738115e-06,7.136079761755765e-07,6.932952621744261,8.700200000930636,0.796875,1.0
2,8,learned_gate,M_only,0.8,157.2943568862024,93.57715481752679,136.48699834852167,83.45316463380361,9.642500001064036,1.0,0.8
2,8,learned_gate,joint,0.8,157.2943727606403,93.57715002619754,136.48700052133924,83.0636118082532,17.809699999816075,0.796875,0.8
2,8,learned_gate,C_only,0.9,3.823891383043819e-06,1.7305557976131062e-06,2.3736900007990013e-07,2.584768166989361,8.066149999649497,0.90625,1.0
2,8,learned_gate,M_only,0.9,16.30880428714361,51.936451417000185,16.984166390053907,36.1920546191779,7.657300000573741,1.0,0.9
2,8,learned_gate,joint,0.9,16.3088034866712,51.93645108390174,16.98416628365521,36.23062563241349,7.830900000044494,0.90625,0.9
2,8,learned_gate,C_only,0.95,1.7147980606048788e-06,6.56465872741196e-07,7.47337158466261e-08,1.3454526450854347,7.432399999743211,0.953125,1.0
2,8,learned_gate,M_only,0.95,74.76925748946476,18.33673862646872,74.83592986309927,11.778461547096917,7.61640000018815,1.0,0.95
2,8,learned_gate,joint,0.95,74.76925693909281,18.3367386358987,74.83592986245239,11.854896153198744,12.446099999579019,0.953125,0.95
2,8,learned_gate,C_only,1.0,0.0,0.0,0.0,0.0,14.000099999975646,1.0,1.0
2,8,learned_gate,M_only,1.0,0.0,0.0,0.0,0.0,17.15999999851192,1.0,1.0
2,8,learned_gate,joint,1.0,0.0,0.0,0.0,0.0,11.326249999910942,1.0,1.0
3,8,distance,C_only,0.4,3.825686405444358e-05,3.665635936635054e-05,4.446441722103607e-06,39.91180509517429,12.889599999653,0.40625,1.0
3,8,distance,M_only,0.4,98.19215178747879,3.6345170858573286,98.24442592043621,3.875754322663131,12.965400000211957,1.0,0.4
3,8,distance,joint,0.4,98.19214660821697,3.634669393474567,98.24442583844639,40.076666371695765,10.996799999702489,0.40625,0.4
3,8,distance,C_only,0.6,1.9561987290058363e-05,1.656300214603066e-05,2.026416200695385e-06,23.863931812044765,8.100799999738229,0.59375,1.0
3,8,distance,M_only,0.6,98.57886621523214,4.07871920465637,98.61645690672609,5.447515279563967,11.471249999885913,1.0,0.6
3,8,distance,joint,0.6,98.57886303218855,4.078699377066539,98.61645685842429,24.457969225687954,13.267150000501715,0.59375,0.6
3,8,distance,C_only,0.8,6.292693585948835e-06,3.3850573514108974e-06,6.17473160571134e-07,12.093894783511459,9.509150000667432,0.796875,1.0
3,8,distance,M_only,0.8,98.04123716085154,3.386323526670539,98.04237776049203,4.609820390922282,7.828949999748147,1.0,0.8
3,8,distance,joint,0.8,98.0412359096503,3.386322706817263,98.04237776068628,12.936743914673132,9.135349999269238,0.796875,0.8
3,8,distance,C_only,0.9,2.3342773466440945e-06,8.064157000271267e-07,2.1674541098274923e-07,6.743985767241554,9.11180000002787,0.90625,1.0
3,8,distance,M_only,0.9,98.24633770209908,2.1852224822549458,98.24625565882597,2.952155799346771,7.614700000885932,1.0,0.9
3,8,distance,joint,0.9,98.24633721962303,2.1852223533516946,98.2462556588496,7.360578945397446,7.8056000002106884,0.90625,0.9
3,8,distance,C_only,0.95,1.0314305947472997e-06,2.3538291210806958e-07,6.333210387212673e-08,3.2796733256020225,7.838399999855028,0.953125,1.0
3,8,distance,M_only,0.95,97.94261924983535,2.7333592675799876,97.9655882139005,3.536018522818623,7.941450000544137,1.0,0.95
3,8,distance,joint,0.95,97.94261897919802,2.7333593458375165,97.96558821435615,4.8224480973762605,7.830900000044494,0.953125,0.95
3,8,distance,C_only,1.0,0.0,0.0,0.0,0.0,7.653300000129093,1.0,1.0
3,8,distance,M_only,1.0,0.0,0.0,0.0,0.0,7.540499999777239,1.0,1.0
3,8,distance,joint,1.0,0.0,0.0,0.0,0.0,7.948450000185403,1.0,1.0
3,8,magnitude,C_only,0.4,4.4800473459898204e-05,3.5659917196838755e-05,4.787989282437361e-06,46.028826644861915,11.01935000042431,0.40625,1.0
3,8,magnitude,M_only,0.4,98.14285886204345,15.797747034114796,98.67139054104331,16.360926347311157,10.842849999789905,1.0,0.4
3,8,magnitude,joint,0.4,98.14285607379361,15.797743999653303,98.67138901493162,48.30658294954977,7.625800000823801,0.40625,0.4
3,8,magnitude,C_only,0.6,2.053789084814664e-05,1.5867571827898037e-05,2.064318075946673e-06,25.0284501620751,8.030949999920267,0.59375,1.0
3,8,magnitude,M_only,0.6,97.86672657760788,21.489154862411734,98.1532140298988,20.723398015233553,8.065850000093633,1.0,0.6
3,8,magnitude,joint,0.6,97.86672562403132,21.48915233074598,98.15321344150509,32.02413136768665,8.703100000275299,0.59375,0.6
3,8,magnitude,C_only,0.8,7.255676536379535e-06,4.396627020539374e-06,6.432588170183221e-07,12.660301287396644,8.245150000220747,0.796875,1.0
3,8,magnitude,M_only,0.8,11.445769362761174,94.45512212650851,9.316349959005402,100.12886288523812,7.84994999958144,1.0,0.8
3,8,magnitude,joint,0.8,11.445772525727117,94.45511869752585,9.3163514897312,100.53024046148742,8.898099999896658,0.796875,0.8
3,8,magnitude,C_only,0.9,2.3342773466440945e-06,8.064157000271267e-07,2.1674541098274923e-07,6.743985767241554,8.462949999739067,0.90625,1.0
3,8,magnitude,M_only,0.9,79.91904947766915,34.22291590228495,80.05500111174798,34.508800756449496,7.871549999435956,1.0,0.9
3,8,magnitude,joint,0.9,79.91904902238748,34.2229155515032,80.05500102136877,35.14703712919107,8.06194999950094,0.90625,0.9
3,8,magnitude,C_only,0.95,1.1988539927387295e-06,4.00285091597377e-07,6.494434638604575e-08,3.3759823329784324,8.43205000001035,0.953125,1.0
3,8,magnitude,M_only,0.95,84.12908606179363,20.461813296871878,84.16970009288526,20.712716845544822,8.035900000322727,1.0,0.95
3,8,magnitude,joint,0.95,84.12908572784448,20.461813255684415,84.1697000833526,20.98550011666419,11.962700000367477,0.953125,0.95
3,8,magnitude,C_only,1.0,0.0,0.0,0.0,0.0,11.89665000038076,1.0,1.0
3,8,magnitude,M_only,1.0,0.0,0.0,0.0,0.0,10.677850000320177,1.0,1.0
3,8,magnitude,joint,1.0,0.0,0.0,0.0,0.0,9.749600000759528,1.0,1.0
3,8,physics_proxy,C_only,0.4,2.7474525919667477e-05,3.237845680469122e-05,3.839650097727361e-06,32.723146575645345,9.585199999492033,0.40625,1.0
3,8,physics_proxy,M_only,0.4,97.67596474361365,13.89830479064201,98.3495736778494,17.24659216175067,8.063200000833604,1.0,0.4
3,8,physics_proxy,joint,0.4,97.6759537288372,13.898305867425039,98.34957419396679,35.88479859762902,10.304850000466104,0.40625,0.4
3,8,physics_proxy,C_only,0.6,1.6184803210467944e-05,1.4375788557116722e-05,1.7057723208716155e-06,19.18534079658013,8.595250000325905,0.59375,1.0
3,8,physics_proxy,M_only,0.6,97.49383235739538,23.184995605977516,97.83417565291708,25.923272933946624,8.380400000532973,1.0,0.6
3,8,physics_proxy,joint,0.6,97.49382434674672,23.184995244354734,97.83417579982688,31.508811388129786,7.791150000230118,0.59375,0.6
3,8,physics_proxy,C_only,0.8,7.910068857033e-06,4.671425206375379e-06,5.319486343197858e-07,7.640566230947219,8.197999999538297,0.796875,1.0
3,8,physics_proxy,M_only,0.8,49.87536409198759,134.38933541765087,45.82962082084182,151.04017988742638,8.082800000011048,1.0,0.8
3,8,physics_proxy,joint,0.8,49.87538482091905,134.38933148000356,45.829626786472296,147.4439418528909,8.792000000539701,0.796875,0.8
3,8,physics_proxy,C_only,0.9,3.293745864751048e-06,1.3052073735224158e-06,1.6172357306878181e-07,3.1426739256577068,8.573400000386755,0.90625,1.0
3,8,physics_proxy,M_only,0.9,74.63052712219185,43.216071096982574,74.79203343864482,43.367094934784895,9.051650000401423,1.0,0.9
3,8,physics_proxy,joint,0.9,74.63052668420833,43.2160711218802,74.79203333837854,43.33908795826583,8.80074999986391,0.90625,0.9
3,8,physics_proxy,C_only,0.95,1.417768042690973e-06,4.036607803950201e-07,6.590694859764765e-08,1.7525320650282668,9.366250001221488,0.953125,1.0
3,8,physics_proxy,M_only,0.95,79.89666331304045,25.85793480981043,79.9406266315997,25.928470031615074,9.09624999985681,1.0,0.95
3,8,physics_proxy,joint,0.95,79.89666302107736,25.857934808042472,79.94062662798157,25.974195242367294,10.993200000484649,0.953125,0.95
3,8,physics_proxy,C_only,1.0,0.0,0.0,0.0,0.0,12.79534999957832,1.0,1.0
3,8,physics_proxy,M_only,1.0,0.0,0.0,0.0,0.0,13.5550000004514,1.0,1.0
3,8,physics_proxy,joint,1.0,0.0,0.0,0.0,0.0,10.61449999906472,1.0,1.0
3,8,learned_gate,C_only,0.4,2.7906951955901823e-05,3.226250861695874e-05,3.85069061483263e-06,32.8185353842242,8.185800000319432,0.40625,1.0
3,8,learned_gate,M_only,0.4,97.37056871753953,8.42836388072077,98.13920892327376,10.203049119366991,8.064900000135822,1.0,0.4
3,8,learned_gate,joint,0.4,97.3705646098419,8.428360141667428,98.13920837098068,34.15549523026407,8.154750000358035,0.40625,0.4
3,8,learned_gate,C_only,0.6,1.608800538705176e-05,1.63246674745825e-05,1.8663323900465212e-06,20.765427084333364,7.780000000821019,0.59375,1.0
3,8,learned_gate,M_only,0.6,95.6192398228071,8.712737141182744,96.23041870572307,8.74430440546151,8.30839999980526,1.0,0.6
3,8,learned_gate,joint,0.6,95.61923518377269,8.712734127072979,96.2304186284115,22.410137576585342,7.765099999232916,0.59375,0.6
3,8,learned_gate,C_only,0.8,6.985485608420717e-06,4.508432772164216e-06,4.9596301559669e-07,8.902229632310943,7.253950000631448,0.796875,1.0
3,8,learned_gate,M_only,0.8,154.0728502744061,103.02193549812011,133.0943098626004,140.9446403837785,7.839949999834062,1.0,0.8
3,8,learned_gate,joint,0.8,154.0728615518343,103.02193076667567,133.0943113736705,140.1361111721032,7.4231499993402394,0.796875,0.8
3,8,learned_gate,C_only,0.9,3.293745864751048e-06,1.3052073735224158e-06,1.6172357306878181e-07,3.1426739256577068,7.256199999574164,0.90625,1.0
3,8,learned_gate,M_only,0.9,16.24120154161226,57.42615944883772,16.80389924153582,58.58533060961645,7.708449998972355,1.0,0.9
3,8,learned_gate,joint,0.9,16.24120083689342,57.42615915539495,16.8038991629845,58.57726627161718,7.684599999265629,0.90625,0.9
3,8,learned_gate,C_only,0.95,1.551722010207997e-06,5.27254448823084e-07,5.55164547393156e-08,1.7781783899596615,7.610349999595201,0.953125,1.0
3,8,learned_gate,M_only,0.95,74.7355558695099,20.329323660761727,74.78097099345256,19.858113516614644,7.762300000649702,1.0,0.95
3,8,learned_gate,joint,0.95,74.73555537016779,20.32932368016036,74.78097099257268,19.93723876133056,9.427849999156024,0.953125,0.95
3,8,learned_gate,C_only,1.0,0.0,0.0,0.0,0.0,9.301900000536989,1.0,1.0
3,8,learned_gate,M_only,1.0,0.0,0.0,0.0,0.0,7.703750000473519,1.0,1.0
3,8,learned_gate,joint,1.0,0.0,0.0,0.0,0.0,7.278450000740122,1.0,1.0
4,16,distance,C_only,0.4,1.624174153993371e-05,1.5827969106208225e-05,2.700569478073924e-06,18.865415398423917,30.470399999103392,0.3984375,1.0
4,16,distance,M_only,0.4,97.66140148212082,3.5054208328771526,97.59176255848223,4.393589879329707,35.72534999966592,1.0,0.39919354838709675
4,16,distance,joint,0.4,97.66139974509692,3.5054338499925604,97.59176260932287,19.361010773173234,32.02739999960613,0.3984375,0.39919354838709675
4,16,distance,C_only,0.6,3.6343616003699013e-06,3.581992094797052e-06,6.083731886472683e-07,4.973650808673176,30.171599999448517,0.6015625,1.0
4,16,distance,M_only,0.6,98.26176676649777,4.910255064666493,98.28584557456269,5.744704836541023,31.568999999763037,1.0,0.6008064516129032
4,16,distance,joint,0.6,98.26176627838981,4.910268647301479,98.28584558806355,7.5963574712877815,32.43689999999333,0.6015625,0.6008064516129032
4,16,distance,C_only,0.8,5.837652627612017e-07,5.842933298689518e-07,1.0309313105693121e-07,1.1041968795078665,29.33634999953938,0.80078125,1.0
4,16,distance,M_only,0.8,98.13158271525857,4.084584340956848,98.12897032195282,4.920337856006236,30.4579499988904,1.0,0.8004032258064516
4,16,distance,joint,0.8,98.13158263483437,4.084585615871741,98.12897032399928,5.04265111594079,30.705000000125438,0.80078125,0.8004032258064516
4,16,distance,C_only,0.9,1.578418408851314e-07,1.1496434102698712e-07,2.4940475643162234e-08,0.3966258678636188,31.16920000047685,0.8984375,1.0
4,16,distance,M_only,0.9,98.103634865905,2.744449046186612,98.10722594146188,3.2466612736574216,32.608500000606,1.0,0.8991935483870968
4,16,distance,joint,0.9,98.10363484473191,2.744449332796597,98.1072259419885,3.2707959795268775,42.02079999959096,0.8984375,0.8991935483870968
4,16,distance,C_only,0.95,6.318762091153144e-08,2.987608823744876e-08,9.668660058259827e-09,0.20478667706100043,28.659800000241376,0.94921875,1.0
4,16,distance,M_only,0.95,97.8364087569431,2.584983370584831,97.8390532760568,2.751613168005927,30.453450000095472,1.0,0.9495967741935484
4,16,distance,joint,0.95,97.836408753244,2.5849834694383658,97.83905327627885,2.7592242070794266,32.02245000011317,0.94921875,0.9495967741935484
4,16,distance,C_only,1.0,0.0,0.0,0.0,0.0,29.025150000052236,1.0,1.0
4,16,distance,M_only,1.0,0.0,0.0,0.0,0.0,26.359899999988556,1.0,1.0
4,16,distance,joint,1.0,0.0,0.0,0.0,0.0,31.656000000111817,1.0,1.0
4,16,magnitude,C_only,0.4,1.4507818425766435e-05,1.5121452001176339e-05,2.3071335173318593e-06,14.122468761976755,42.892500000561995,0.3984375,1.0
4,16,magnitude,M_only,0.4,98.21898904844059,12.814056869689647,98.85033445527719,10.67124308268518,32.3600500005341,1.0,0.39919354838709675
4,16,magnitude,joint,0.4,98.21898820002845,12.814056089447156,98.85033378148358,17.623489321989652,35.799600000245846,0.3984375,0.39919354838709675
4,16,magnitude,C_only,0.6,3.5443077236303745e-06,3.5923655983509148e-06,6.163680024842206e-07,4.506215624304132,37.04924999965442,0.6015625,1.0
4,16,magnitude,M_only,0.6,97.95923462103278,17.75641669272254,98.29096131554603,13.459091186441313,36.738649999279005,1.0,0.6008064516129032
4,16,magnitude,joint,0.6,97.95923444470615,17.75641546765893,98.2909611686433,14.18404766303573,31.37860000060755,0.6015625,0.6008064516129032
4,16,magnitude,C_only,0.8,6.010506670521179e-07,5.067349863394937e-07,1.0329653247122941e-07,1.0587556319543745,27.686749999702442,0.80078125,1.0
4,16,magnitude,M_only,0.8,49.57049502148164,44.66899187121282,50.46675105588654,33.73997083478902,27.705149999746936,1.0,0.8004032258064516
4,16,magnitude,joint,0.8,49.57049496611727,44.668991577306386,50.466750989150086,33.75571319784584,25.38875000027474,0.80078125,0.8004032258064516
4,16,magnitude,C_only,0.9,1.5630892198530952e-07,9.300943033738754e-08,2.247150208360045e-08,0.3627531267049036,29.033299999355222,0.8984375,1.0
4,16,magnitude,M_only,0.9,84.02727531624087,26.204159467417433,84.172121211911,19.535430913366678,29.633799999828625,1.0,0.8991935483870968
4,16,magnitude,joint,0.9,84.02727529501584,26.20415944634947,84.17212120583844,19.538773680770166,26.115050000043993,0.8984375,0.8991935483870968
4,16,magnitude,C_only,0.95,4.7085852236194735e-08,1.592021196329128e-08,5.6811059786167405e-09,0.145021356213436,26.60569999989093,0.94921875,1.0
4,16,magnitude,M_only,0.95,85.27593109858964,18.39471023248051,85.32534540218444,13.687933738667073,32.266499999423104,1.0,0.9495967741935484
4,16,magnitude,joint,0.95,85.27593108956334,18.394710230473873,85.32534540098882,13.688699496060371,29.500849999749335,0.94921875,0.9495967741935484
4,16,magnitude,C_only,1.0,0.0,0.0,0.0,0.0,27.0852499998,1.0,1.0
4,16,magnitude,M_only,1.0,0.0,0.0,0.0,0.0,38.04830000080983,1.0,1.0
4,16,magnitude,joint,1.0,0.0,0.0,0.0,0.0,30.116900000393798,1.0,1.0
4,16,physics_proxy,C_only,0.4,9.713764986754815e-06,1.26852403849407e-05,1.8833566639841513e-06,10.4122010487484,31.396300000778865,0.3984375,1.0
4,16,physics_proxy,M_only,0.4,97.63056322956481,12.779022838728476,98.49067276886782,11.821830914518555,27.242699999078468,1.0,0.39919354838709675
4,16,physics_proxy,joint,0.4,97.63055915159067,12.779024838979359,98.49067310044997,15.605807116989515,28.325900000709225,0.3984375,0.39919354838709675
4,16,physics_proxy,C_only,0.6,2.919123528370335e-06,2.913718138074067e-06,4.6647644931344927e-07,3.1116777530105604,30.203500000425265,0.6015625,1.0
4,16,physics_proxy,M_only,0.6,97.60325834004618,19.74628056256179,97.9974504465949,16.047402702010753,27.342200000020966,1.0,0.6008064516129032
4,16,physics_proxy,joint,0.6,97.60325703333515,19.74628083022488,97.9974505389478,16.333948645672294,28.317200000856246,0.6015625,0.6008064516129032
4,16,physics_proxy,C_only,0.8,6.33938059760537e-07,3.908328016300306e-07,6.618848418203844e-08,0.7052823537241533,27.601300001151685,0.80078125,1.0
4,16,physics_proxy,M_only,0.8,5.11135924046891,96.98148265707704,6.858569901419001,75.75127869086023,27.32155000012426,1.0,0.8004032258064516
4,16,physics_proxy,joint,0.8,5.111358447318433,96.98148248907141,6.858569583034366,75.74309224474021,28.911299999890616,0.80078125,0.8004032258064516
4,16,physics_proxy,C_only,0.9,1.983294810648526e-07,7.242281005860193e-08,1.3040150170708669e-08,0.2137149971172476,29.1234499991333,0.8984375,1.0
4,16,physics_proxy,M_only,0.9,81.85518714983687,30.320497321227453,82.01510972497022,22.619902598498896,25.2241000007416,1.0,0.8991935483870968
4,16,physics_proxy,joint,0.9,81.85518712284232,30.320497318874995,82.01510971942754,22.62063779002145,32.16890000021522,0.8984375,0.8991935483870968
4,16,physics_proxy,C_only,0.95,7.238535813596583e-08,1.871445700276199e-08,3.3469784108542188e-09,0.07917290842718265,28.760150000380236,0.94921875,1.0
4,16,physics_proxy,M_only,0.95,83.86388489792692,20.19600017620986,83.91525567012891,15.038253413820312,27.14075000039884,1.0,0.9495967741935484
4,16,physics_proxy,joint,0.95,83.86388487956782,20.19600017608855,83.91525566995588,15.038455696799321,26.469299999916984,0.94921875,0.9495967741935484
4,16,physics_proxy,C_only,1.0,0.0,0.0,0.0,0.0,31.1996000000363,1.0,1.0
4,16,physics_proxy,M_only,1.0,0.0,0.0,0.0,0.0,33.817300000919204,1.0,1.0
4,16,physics_proxy,joint,1.0,0.0,0.0,0.0,0.0,29.307450000487734,1.0,1.0
4,16,learned_gate,C_only,0.4,1.0224895042072547e-05,1.3907781216401393e-05,2.0273372774930232e-06,10.871216169671587,25.833500000771892,0.3984375,1.0
4,16,learned_gate,M_only,0.4,97.58387151208039,12.007991549992349,98.46219634521324,10.682328572405028,32.51325000110228,1.0,0.39919354838709675
4,16,learned_gate,joint,0.4,97.58387066129904,12.007989878821155,98.46219578050825,15.161305700410296,35.86319999976695,0.3984375,0.39919354838709675
4,16,learned_gate,C_only,0.6,2.943333470913525e-06,3.2418632129251067e-06,4.846329010085766e-07,3.2235196243852218,36.07339999962278,0.6015625,1.0
4,16,learned_gate,M_only,0.6,95.71448735509527,16.229529376665376,96.44034709782628,10.182016506539885,36.67529999984254,1.0,0.6008064516129032
4,16,learned_gate,joint,0.6,95.71448689837155,16.22952907123696,96.44034696396146,10.670150938219084,31.089000000065425,0.6015625,0.6008064516129032
4,16,learned_gate,C_only,0.8,6.361046241935773e-07,4.171525252754963e-07,6.619163171873842e-08,0.7230393083437456,29.877400000259513,0.80078125,1.0
4,16,learned_gate,M_only,0.8,49.15428366235386,106.02961963932694,44.1276818621748,88.92329483046446,32.55890000036743,1.0,0.8004032258064516
4,16,learned_gate,joint,0.8,49.15428434075445,106.0296194212159,44.12768207133384,88.9219083011085,32.37040000021807,0.80078125,0.8004032258064516
4,16,learned_gate,C_only,0.9,2.0369569704480657e-07,8.192652817320483e-08,1.378996013952868e-08,0.22004309197222235,37.8371499991772,0.8984375,1.0
4,16,learned_gate,M_only,0.9,36.61804911124547,34.461197887300756,37.06568401162226,26.300043544144547,33.90945000046486,1.0,0.8991935483870968
4,16,learned_gate,joint,0.9,36.61804904772802,34.46119788128093,37.06568400630177,26.30095021710152,29.303900000741123,0.8984375,0.8991935483870968
4,16,learned_gate,C_only,0.95,7.238535813596583e-08,1.871445700276199e-08,3.3469784108542188e-09,0.07917290842718265,36.92634999879374,0.94921875,1.0
4,16,learned_gate,M_only,0.95,72.84795468180702,16.114261464999274,72.90414817815737,12.074231734152395,37.25045000010141,1.0,0.9495967741935484
4,16,learned_gate,joint,0.95,72.84795465686878,16.114261465441356,72.90414817789727,12.074490609534113,35.79104999971605,0.94921875,0.9495967741935484
4,16,learned_gate,C_only,1.0,0.0,0.0,0.0,0.0,33.4875499993359,1.0,1.0
4,16,learned_gate,M_only,1.0,0.0,0.0,0.0,0.0,30.266149999988556,1.0,1.0
4,16,learned_gate,joint,1.0,0.0,0.0,0.0,0.0,34.11169999890262,1.0,1.0
5,16,distance,C_only,0.4,7.168397515189207e-05,7.47645158620293e-05,1.1069480444293455e-05,40.190284993396126,28.783499999917694,0.3984375,1.0
5,16,distance,M_only,0.4,97.66648469970754,3.5480979985798506,97.60492889051481,4.406804872959363,28.77214999989519,1.0,0.39919354838709675
5,16,distance,joint,0.4,97.66647462979655,3.5481492815552724,97.60492911866953,40.40801731144049,30.697850000251492,0.3984375,0.39919354838709675
5,16,distance,C_only,0.6,3.09465126582626e-05,3.0169116120526262e-05,4.859437879836363e-06,22.653938124765258,31.048749999172287,0.6015625,1.0
5,16,distance,M_only,0.6,98.1246335763065,4.336717875757229,98.16839342807533,5.347496288924379,28.87899999950605,1.0,0.6008064516129032
5,16,distance,joint,0.6,98.12462900954432,4.336756615399505,98.16839351622335,23.264303771247473,29.119949999767414,0.6015625,0.6008064516129032
5,16,distance,C_only,0.8,9.51447039657207e-06,7.07544957026087e-06,1.3590843451213232e-06,9.963365611508818,35.26990000045771,0.80078125,1.0
5,16,distance,M_only,0.8,98.13545600557927,4.087139422043765,98.13364401951533,4.974528783700833,30.825150000055146,1.0,0.8004032258064516
5,16,distance,joint,0.8,98.13545439829035,4.087153872224136,98.13364404450228,11.132447923301916,28.492150000602123,0.80078125,0.8004032258064516
5,16,distance,C_only,0.9,3.648618504296022e-06,1.949659191138461e-06,4.7502179736452236e-07,5.3663632023963,27.249650000158,0.8984375,1.0
5,16,distance,M_only,0.9,98.0007058458664,2.5092886320220953,98.01230129904538,3.059911562106828,34.101350001037645,1.0,0.8991935483870968
5,16,distance,joint,0.9,98.0007052187196,2.509293561842824,98.01230130753163,6.176782671078131,36.14780000043538,0.8984375,0.8991935483870968
5,16,distance,C_only,0.95,1.484118100338939e-06,5.481812731360854e-07,1.6052188076089187e-07,2.9089330841178405,34.53075000015815,0.94921875,1.0
5,16,distance,M_only,0.95,97.86623446377824,1.3439560156915074,97.86919276111777,1.6891166713638366,34.29054999924119,1.0,0.9495967741935484
5,16,distance,joint,0.95,97.86623416024061,1.3439563135161696,97.86919276130881,3.3636203163895955,30.239499998970132,0.94921875,0.9495967741935484
5,16,distance,C_only,1.0,0.0,0.0,0.0,0.0,30.290350000541366,1.0,1.0
5,16,distance,M_only,1.0,0.0,0.0,0.0,0.0,29.360649999944144,1.0,1.0
5,16,distance,joint,1.0,0.0,0.0,0.0,0.0,29.679200000828132,1.0,1.0
5,16,magnitude,C_only,0.4,7.226989322516527e-05,7.506033407161166e-05,1.1147092020506778e-05,40.25715872232698,31.637850000151957,0.3984375,1.0
5,16,magnitude,M_only,0.4,98.22094908454065,13.639952374921402,98.79733976087556,12.556303799957613,28.755350000210456,1.0,0.39919354838709675
5,16,magnitude,joint,0.4,98.22094396077794,13.639949622194884,98.79733650186225,41.85888575780171,33.63724999962869,0.3984375,0.39919354838709675
5,16,magnitude,C_only,0.6,3.392559883160082e-05,3.082805627973247e-05,4.827088829037132e-06,22.88400089042539,31.409549999807496,0.6015625,1.0
5,16,magnitude,M_only,0.6,97.96221705242284,18.56650865049724,98.26524663066832,15.604325214987163,32.35885000049166,1.0,0.6008064516129032
5,16,magnitude,joint,0.6,97.9622152914165,18.566498943991576,98.26524548220117,27.52491834343283,36.67740000037156,0.6015625,0.6008064516129032
5,16,magnitude,C_only,0.8,1.0244167579910044e-05,6.689821716192283e-06,1.2601262125648738e-06,9.632608152163154,33.13784999954805,0.80078125,1.0
5,16,magnitude,M_only,0.8,50.2070277056208,46.86879053840768,51.15825603573151,37.840111271105094,35.14724999968166,1.0,0.8004032258064516
5,16,magnitude,joint,0.8,50.20702670545987,46.86878661661405,51.15825501112315,38.923922170210645,25.921599999492173,0.80078125,0.8004032258064516
5,16,magnitude,C_only,0.9,3.840698103505284e-06,1.5630054095280045e-06,3.785379588841399e-07,4.810068489619891,31.916399999317946,0.8984375,1.0
5,16,magnitude,M_only,0.9,84.1522539403312,27.129599412405724,84.3069472958626,22.60449014100621,28.163350000795617,1.0,0.8991935483870968
5,16,magnitude,joint,0.9,84.15225327672876,27.129599015302162,84.30694718808851,23.10464717092225,33.52244999950926,0.8984375,0.8991935483870968
5,16,magnitude,C_only,0.95,1.5437247840245117e-06,4.868646060514582e-07,1.2894836490087456e-07,2.6478006508614937,39.80100000080711,0.94921875,1.0
5,16,magnitude,M_only,0.95,85.38647378487629,19.03530133200631,85.45136395333516,15.913160049062085,51.78109999997105,1.0,0.9495967741935484
5,16,magnitude,joint,0.95,85.38647342028108,19.035301287225884,85.45136392978822,16.131441002707103,30.296100000668957,0.94921875,0.9495967741935484
5,16,magnitude,C_only,1.0,0.0,0.0,0.0,0.0,35.60994999952527,1.0,1.0
5,16,magnitude,M_only,1.0,0.0,0.0,0.0,0.0,39.384050000080606,1.0,1.0
5,16,magnitude,joint,1.0,0.0,0.0,0.0,0.0,28.76789999936591,1.0,1.0
5,16,physics_proxy,C_only,0.4,4.65621595713703e-05,6.32050231508459e-05,8.787289964601423e-06,29.72435358210332,26.201500000752276,0.3984375,1.0
5,16,physics_proxy,M_only,0.4,97.91083070537347,13.776096994404096,98.5974080451499,13.655543768132244,26.2310999996771,1.0,0.39919354838709675
5,16,physics_proxy,joint,0.4,97.91080912595123,13.77610673932684,98.597409341309,31.942191837608906,26.71585000007326,0.3984375,0.39919354838709675
5,16,physics_proxy,C_only,0.6,2.325332688207615e-05,2.3796340156381548e-05,3.3991032622469427e-06,15.606389860386702,34.34250000009342,0.6015625,1.0
5,16,physics_proxy,M_only,0.6,97.79097693311999,19.74241568638843,98.12147959311913,17.257872353624947,35.95300000051793,1.0,0.6008064516129032
5,16,physics_proxy,joint,0.6,97.79096693743485,19.742415408870432,98.12148011615,23.048015249642116,34.93040000012115,0.6015625,0.6008064516129032
5,16,physics_proxy,C_only,0.8,9.990907983744064e-06,5.025091961184491e-06,8.817551109933818e-07,5.989428714490037,33.40440000010858,0.80078125,1.0
5,16,physics_proxy,M_only,0.8,1.7992020685139931,110.18313596689123,2.28814931431857,94.50788428319964,29.805999999553023,1.0,0.8004032258064516
5,16,physics_proxy,joint,0.8,1.7992033790259245,110.18313297451847,2.2881440770724435,93.2458354232419,32.09609999976237,0.80078125,0.8004032258064516
5,16,physics_proxy,C_only,0.9,5.0228734632144524e-06,1.6186510375909455e-06,3.1534633226534515e-07,2.7022003226022306,42.938999999933,0.8984375,1.0
5,16,physics_proxy,M_only,0.9,74.2187952430429,43.67227271584484,74.46060537477769,36.218168037832115,50.84145000000717,1.0,0.8991935483870968
5,16,physics_proxy,joint,0.9,74.21879445844364,43.672272681858146,74.46060513895084,36.21423972396146,36.86500000003434,0.8984375,0.8991935483870968
5,16,physics_proxy,C_only,0.95,2.2051395862920715e-06,4.828410727551375e-07,1.0724396543193371e-07,1.2986800613491662,32.216300000072806,0.94921875,1.0
5,16,physics_proxy,M_only,0.95,82.99495470321995,22.09087893760927,83.06869413338023,18.374840363257462,29.682650000722788,1.0,0.9495967741935484
5,16,physics_proxy,joint,0.95,82.99495423521182,22.090878937462406,83.06869412745563,18.413629023577403,27.875550000317162,0.94921875,0.9495967741935484
5,16,physics_proxy,C_only,1.0,0.0,0.0,0.0,0.0,26.778250000461412,1.0,1.0
5,16,physics_proxy,M_only,1.0,0.0,0.0,0.0,0.0,31.351749999885214,1.0,1.0
5,16,physics_proxy,joint,1.0,0.0,0.0,0.0,0.0,39.750650000314636,1.0,1.0
5,16,learned_gate,C_only,0.4,5.037533196419473e-05,6.763884385284519e-05,9.286242329540712e-06,30.90945593740162,28.644200000599085,0.3984375,1.0
5,16,learned_gate,M_only,0.4,97.51643330363285,12.478265759023985,98.34355704856839,12.240817652972952,28.551200000947574,1.0,0.39919354838709675
5,16,learned_gate,joint,0.4,97.5164279110313,12.47825896665071,98.34355459589511,32.943762921255484,31.941449999067117,0.3984375,0.39919354838709675
5,16,learned_gate,C_only,0.6,2.5326001675861958e-05,2.819362774778272e-05,3.81276015029448e-06,17.02462061012224,35.61710000030871,0.6015625,1.0
5,16,learned_gate,M_only,0.6,95.69485566939896,16.538610436616377,96.36348201423213,11.847641897718477,38.93679999964661,1.0,0.6008064516129032
5,16,learned_gate,joint,0.6,95.69485138158575,16.538606347598257,96.36348096322745,20.580807161866023,40.80820000035601,0.6015625,0.6008064516129032
5,16,learned_gate,C_only,0.8,1.0089724772606363e-05,5.944616606695551e-06,8.886269307987369e-07,6.687552826944312,28.756499999872176,0.80078125,1.0
5,16,learned_gate,M_only,0.8,53.86623874252875,122.3771655584703,49.901873541402296,108.65081218141898,38.582299999688985,1.0,0.8004032258064516
5,16,learned_gate,joint,0.8,53.86625132378088,122.37716231518509,49.901877654039446,108.29692725613083,27.066150000791822,0.80078125,0.8004032258064516
5,16,learned_gate,C_only,0.9,5.107287148725156e-06,1.8521945697232244e-06,3.0893838801440024e-07,2.8564453518087407,26.34784999918338,0.8984375,1.0
5,16,learned_gate,M_only,0.9,37.368914707742675,36.454665434707465,37.9322121824518,29.840686627507516,26.054600000861683,1.0,0.8991935483870968
5,16,learned_gate,joint,0.9,37.36891330117753,36.45466545141691,37.932212159271444,29.975386445065855,36.42339999987598,0.8984375,0.8991935483870968
5,16,learned_gate,C_only,0.95,2.333159695342573e-06,6.264672253415281e-07,1.0954050784876031e-07,1.36120222900905,41.50209999897925,0.94921875,1.0
5,16,learned_gate,M_only,0.95,73.15065520869723,16.72766753546083,73.25706254789904,13.599813207405209,31.28825000112556,1.0,0.9495967741935484
5,16,learned_gate,joint,0.95,73.1506544220233,16.72766757759643,73.25706254631551,13.667558536820824,26.875249999648076,0.94921875,0.9495967741935484
5,16,learned_gate,C_only,1.0,0.0,0.0,0.0,0.0,27.630499999759195,1.0,1.0
5,16,learned_gate,M_only,1.0,0.0,0.0,0.0,0.0,26.508549998652597,1.0,1.0
5,16,learned_gate,joint,1.0,0.0,0.0,0.0,0.0,25.2884500014261,1.0,1.0
6,32,distance,C_only,0.4,2.616978625442201e-05,3.3672863974898066e-05,4.385334808896678e-06,42.889098891403,114.28139999952691,0.400390625,1.0
6,32,distance,M_only,0.4,97.55104559568827,3.141390839605271,97.59027219551119,3.929705998191715,106.87289999896166,1.0,0.39980158730158727
6,32,distance,joint,0.4,97.55104177905449,3.1414005263687907,97.59027224922724,43.04545954241988,102.86395000002813,0.400390625,0.39980158730158727
6,32,distance,C_only,0.6,1.2910862835331668e-05,1.5540825331882573e-05,2.070799235880469e-06,26.308125749289356,127.7909999998883,0.599609375,1.0
6,32,distance,M_only,0.6,98.0264828017246,4.4334423239647816,98.02794199693722,5.3341134403723665,168.3823500006838,1.0,0.6001984126984127
6,32,distance,joint,0.6,98.0264806481256,4.433474238583061,98.02794202966379,26.827144965537293,104.95894999894517,0.599609375,0.6001984126984127
6,32,distance,C_only,0.8,4.629163817947842e-06,4.287780792490835e-06,6.710947155211221e-07,13.732249841530377,96.0658500007412,0.7998046875,1.0
6,32,distance,M_only,0.8,97.86695025929016,3.8784040573988046,97.86067927337699,4.70330510164109,116.41054999927292,1.0,0.8000992063492063
6,32,distance,joint,0.8,97.8669494338775,3.87840641438295,97.86067927939804,14.509720648712868,134.12925000011455,0.7998046875,0.8000992063492063
6,32,distance,C_only,0.9,1.8405415221961903e-06,1.222712575994404e-06,2.2595291372158254e-07,7.640625988026802,97.75815000102739,0.900390625,1.0
6,32,distance,M_only,0.9,98.13552003279038,2.637683820010443,98.13193466583255,3.1273132129687986,98.49099999973987,1.0,0.8998015873015872
6,32,distance,joint,0.9,98.13551967440142,2.6376847794210962,98.13193466759974,8.254497370931956,97.32265000002371,0.900390625,0.8998015873015872
6,32,distance,C_only,0.95,8.0278641028546e-07,3.9250649480487485e-07,8.752149554388535e-08,4.700847582401903,103.1252000002496,0.9501953125,1.0
6,32,distance,M_only,0.95,97.81032266872249,1.458382858053531,97.81064962739222,1.7318340878984193,109.02919999989535,1.0,0.9499007936507936
6,32,distance,joint,0.95,97.81032251625311,1.4583831673820886,97.81064962795637,5.009470602119424,111.21115000059945,0.9501953125,0.9499007936507936
6,32,distance,C_only,1.0,0.0,0.0,0.0,0.0,99.72795000066981,1.0,1.0
6,32,distance,M_only,1.0,0.0,0.0,0.0,0.0,108.78090000005614,1.0,1.0
6,32,distance,joint,1.0,0.0,0.0,0.0,0.0,117.51670000103331,1.0,1.0
6,32,magnitude,C_only,0.4,2.797365485205098e-05,3.3997551331971505e-05,4.429096150902616e-06,44.22119414560717,104.32879999916622,0.400390625,1.0
6,32,magnitude,M_only,0.4,98.19950634802169,14.483587202978084,98.78396081153448,12.195517263518742,101.3745000000199,1.0,0.39980158730158727
6,32,magnitude,joint,0.4,98.19950400014802,14.483588767502647,98.78395951732816,45.54418294256373,102.84835000038584,0.400390625,0.39980158730158727
6,32,magnitude,C_only,0.6,1.412852065775136e-05,1.459678788305916e-05,2.1112411921551304e-06,27.71292785867835,106.66254999978264,0.599609375,1.0
6,32,magnitude,M_only,0.6,97.93553408763644,19.847291098587018,98.24118399759585,14.691368215861297,104.73745000035706,1.0,0.6001984126984127
6,32,magnitude,joint,0.6,97.93553320912768,19.847288262766718,98.24118352394551,31.190504622211563,100.45945000092615,0.599609375,0.6001984126984127
6,32,magnitude,C_only,0.8,4.87804735809782e-06,3.849147834773023e-06,6.651514497305697e-07,14.079923479542067,109.40455000036309,0.7998046875,1.0
6,32,magnitude,M_only,0.8,62.62962059023525,37.536037848670475,63.27951224213594,25.27674345245478,100.37000000102125,1.0,0.8000992063492063
6,32,magnitude,joint,0.8,62.62962032247861,37.53603641434983,63.27951193080814,28.791939127605854,100.32820000105858,0.7998046875,0.8000992063492063
6,32,magnitude,C_only,0.9,1.867513171023241e-06,1.1830634519603285e-06,2.2013384003667314e-07,7.538717416384057,111.56539999956294,0.900390625,1.0
6,32,magnitude,M_only,0.9,85.70387473379631,26.682203564166795,85.8290533296861,18.52796723597566,101.44184999899153,1.0,0.8998015873015872
6,32,magnitude,joint,0.9,85.70387444023582,26.6822034118191,85.82905328614345,19.994624833086917,115.51934999988589,0.900390625,0.8998015873015872
6,32,magnitude,C_only,0.95,8.087194154269806e-07,3.545172753854828e-07,8.177557820638701e-08,4.5505990521857065,118.64080000032118,0.9501953125,1.0
6,32,magnitude,M_only,0.95,86.76869528258881,18.68490432683137,86.81457452032579,13.227484797763122,135.27234999946813,1.0,0.9499007936507936
6,32,magnitude,joint,0.95,86.76869512005793,18.684904304395882,86.81457450778751,13.98727051125184,129.53005000053963,0.9501953125,0.9499007936507936
6,32,magnitude,C_only,1.0,0.0,0.0,0.0,0.0,103.04320000068401,1.0,1.0
6,32,magnitude,M_only,1.0,0.0,0.0,0.0,0.0,117.09495000013703,1.0,1.0
6,32,magnitude,joint,1.0,0.0,0.0,0.0,0.0,136.1241999993581,1.0,1.0
6,32,physics_proxy,C_only,0.4,1.8355596610429408e-05,2.7336706327609327e-05,3.4521004636297195e-06,33.65554148135342,147.15950000027078,0.400390625,1.0
6,32,physics_proxy,M_only,0.4,97.98814972317503,14.266475585463507,98.6476709780633,11.97080887277544,105.41480000028969,1.0,0.39980158730158727
6,32,physics_proxy,joint,0.4,97.98814172253448,14.266458511117627,98.6476714709927,35.12367816228264,146.09719999953086,0.400390625,0.39980158730158727
6,32,physics_proxy,C_only,0.6,9.668438351706204e-06,1.1790719479225725e-05,1.463680542072375e-06,19.401109550399365,156.25700000055076,0.599609375,1.0
6,32,physics_proxy,M_only,0.6,97.76070694540655,21.059953790443192,98.0942486188928,14.802574236336477,111.10490000010032,1.0,0.6001984126984127
6,32,physics_proxy,joint,0.6,97.76070286500052,21.059952588019122,98.09424883630929,24.188793582767374,175.0742000003811,0.599609375,0.6001984126984127
6,32,physics_proxy,C_only,0.8,4.637871069412057e-06,2.7357661769724254e-06,4.2508570744652797e-07,7.930767315983717,172.39760000029491,0.7998046875,1.0
6,32,physics_proxy,M_only,0.8,15.389178190077695,96.14262972085923,16.891659733529423,69.88178359348937,158.16580000046088,1.0,0.8000992063492063
6,32,physics_proxy,joint,0.8,15.38916075105757,96.14262820954451,16.891657538537284,68.37348321436585,104.72000000027037,0.7998046875,0.8000992063492063
6,32,physics_proxy,C_only,0.9,2.184802413446725e-06,6.99038088165173e-07,1.4217534116984888e-07,3.5465743920629276,171.37934999936988,0.900390625,1.0
6,32,physics_proxy,M_only,0.9,75.17427923572811,44.16154316029296,75.36733109926034,30.32365216622839,123.32454999977926,1.0,0.8998015873015872
6,32,physics_proxy,joint,0.9,75.17427640127319,44.16154307947565,75.3673308814784,30.27932251649451,120.34064999897964,0.900390625,0.8998015873015872
6,32,physics_proxy,C_only,0.95,1.0518772822140046e-06,2.1982779827166854e-07,5.132669080508284e-08,1.944583997887433,167.68605000015668,0.9501953125,1.0
6,32,physics_proxy,M_only,0.95,78.07017685687993,27.0857171496006,78.12758903163089,18.462717520653285,145.58985000076063,1.0,0.9499007936507936
6,32,physics_proxy,joint,0.95,78.07017603025426,27.085717148531398,78.12758899247333,18.525241177568464,145.25310000044556,0.9501953125,0.9499007936507936
6,32,physics_proxy,C_only,1.0,0.0,0.0,0.0,0.0,111.10879999978351,1.0,1.0
6,32,physics_proxy,M_only,1.0,0.0,0.0,0.0,0.0,101.69775000031223,1.0,1.0
6,32,physics_proxy,joint,1.0,0.0,0.0,0.0,0.0,124.19270000100369,1.0,1.0
6,32,learned_gate,C_only,0.4,1.948623747041908e-05,2.9006767895278542e-05,3.6113091691551495e-06,34.8152870119285,103.5516000001735,0.400390625,1.0
6,32,learned_gate,M_only,0.4,98.0972720323517,15.090287550017425,98.71804147819587,12.664819418802962,118.19184999967547,1.0,0.39980158730158727
6,32,learned_gate,joint,0.4,98.09726981350249,15.090289227455006,98.71804044309296,36.69685469897108,128.01275000038004,0.400390625,0.39980158730158727
6,32,learned_gate,C_only,0.6,1.0977411750616796e-05,1.3695617905292676e-05,1.6611923776170869e-06,21.417302766412448,110.83919999964564,0.599609375,1.0
6,32,learned_gate,M_only,0.6,96.90459328352362,21.666405164442633,97.3750365653674,13.532562153543342,111.81234999912704,1.0,0.6001984126984127
6,32,learned_gate,joint,0.6,96.90459180380817,21.666404952254826,97.3750360377982,25.049864687888096,103.18720000032044,0.599609375,0.6001984126984127
6,32,learned_gate,C_only,0.8,4.964965621746161e-06,3.595342244823274e-06,4.4888606273509066e-07,9.411246683253394,102.48320000027888,0.7998046875,1.0
6,32,learned_gate,M_only,0.8,4.784619996620717,109.5602531715284,2.7391427236642656,80.70515217043466,112.80430000078923,1.0,0.8000992063492063
6,32,learned_gate,joint,0.8,4.784624380548432,109.56025203408227,2.7391440372108953,80.27416667819634,97.57839999929274,0.7998046875,0.8000992063492063
6,32,learned_gate,C_only,0.9,2.5544844210654837e-06,1.09489709303017e-06,1.5791431104896545e-07,4.199989882669456,107.02580000088346,0.900390625,1.0
6,32,learned_gate,M_only,0.9,44.60171036367097,52.15151418813938,44.97529315669998,37.20855816500679,105.21174999939831,1.0,0.8998015873015872
6,32,learned_gate,joint,0.9,44.60170980428092,52.15151413568646,44.97529313378322,37.425402422858724,96.43464999953721,0.900390625,0.8998015873015872
6,32,learned_gate,C_only,0.95,1.175593764164439e-06,3.221739804305397e-07,5.501599970159837e-08,2.043384809894488,124.42124999961379,0.9501953125,1.0
6,32,learned_gate,M_only,0.95,69.12709128296929,18.726313880779248,69.18863612445763,13.07955087301789,127.70625000121072,1.0,0.9499007936507936
6,32,learned_gate,joint,0.95,69.12709086123219,18.726313904686357,69.18863612306465,13.237652185470228,126.07195000055071,0.9501953125,0.9499007936507936
6,32,learned_gate,C_only,1.0,0.0,0.0,0.0,0.0,109.61515000053623,1.0,1.0
6,32,learned_gate,M_only,1.0,0.0,0.0,0.0,0.0,100.01155000009021,1.0,1.0
6,32,learned_gate,joint,1.0,0.0,0.0,0.0,0.0,143.23204999982408,1.0,1.0
7,32,distance,C_only,0.4,3.105090270661197e-05,3.6000871069612505e-05,5.4693153361600384e-06,30.70616401389105,122.91565000032278,0.400390625,1.0
7,32,distance,M_only,0.4,97.5484969114206,3.492869272958475,97.59202600784214,4.233099955175017,98.2167499987554,1.0,0.39980158730158727
7,32,distance,joint,0.4,97.54849296516201,3.4928389956397,97.5920259962682,30.98060218949249,121.06979999953182,0.400390625,0.39980158730158727
7,32,distance,C_only,0.6,1.2135763766921064e-05,1.3299394735187234e-05,2.100596072191704e-06,15.439013149609579,115.65410000002885,0.599609375,1.0
7,32,distance,M_only,0.6,98.05963822500671,4.4370494051927345,98.07274083168687,5.456667513042404,96.6537000003882,1.0,0.6001984126984127
7,32,distance,joint,0.6,98.0596363910456,4.437075140912617,98.07274086253067,16.36636806899137,105.35429999981716,0.599609375,0.6001984126984127
7,32,distance,C_only,0.8,3.112067806695169e-06,2.5489642220321514e-06,4.582765552810649e-07,5.384578547117009,96.96914999949513,0.7998046875,1.0
7,32,distance,M_only,0.8,97.86772523193848,3.9187274239793157,97.86113119961061,4.843204724060249,99.62590000031923,1.0,0.8000992063492063
7,32,distance,joint,0.8,97.86772465304988,3.9187297414893547,97.86113120408689,7.240341389774227,120.8455000005415,0.7998046875,0.8000992063492063
7,32,distance,C_only,0.9,1.0083964849745202e-06,5.819529667643388e-07,1.3079437101494242e-07,2.4102918554855663,149.79984999990847,0.900390625,1.0
7,32,distance,M_only,0.9,98.10656070706226,2.54501223733661,98.10659330528068,3.117339791593525,96.6568499998175,1.0,0.8998015873015872
7,32,distance,joint,0.9,98.10656051032669,2.545013012902896,98.10659330654249,3.9402150640792084,115.15254999994795,0.900390625,0.8998015873015872
7,32,distance,C_only,0.95,3.849463599275871e-07,1.505553831240549e-07,4.261523437308698e-08,1.2601129796830823,99.85065000000759,0.9501953125,1.0
7,32,distance,M_only,0.95,97.81112604171832,1.4658130324764633,97.81155880539303,1.7786980870744171,111.1848500004271,1.0,0.9499007936507936
7,32,distance,joint,0.95,97.81112596315685,1.465813215432119,97.81155880565083,2.179790016096772,106.26725000020087,0.9501953125,0.9499007936507936
7,32,distance,C_only,1.0,0.0,0.0,0.0,0.0,112.68780000045808,1.0,1.0
7,32,distance,M_only,1.0,0.0,0.0,0.0,0.0,133.77380000019912,1.0,1.0
7,32,distance,joint,1.0,0.0,0.0,0.0,0.0,132.4418500007596,1.0,1.0
7,32,magnitude,C_only,0.4,3.367707038941006e-05,3.586553982944308e-05,5.478552687570464e-06,32.101473038016245,141.27909999933763,0.400390625,1.0
7,32,magnitude,M_only,0.4,98.19987481166493,13.278727171453703,98.83200101583313,12.140516682543407,114.08790000041336,1.0,0.39980158730158727
7,32,magnitude,joint,0.4,98.19987242738554,13.278723782100366,98.83199927312118,34.07707178489694,147.0483000002787,0.400390625,0.39980158730158727
7,32,magnitude,C_only,0.6,1.3035869047258765e-05,1.274416582518691e-05,2.0154801708903514e-06,14.990900541790209,129.63055000000168,0.599609375,1.0
7,32,magnitude,M_only,0.6,97.93609767845129,18.31584660809783,98.26665033375056,15.324349185202507,128.53800000084448,1.0,0.6001984126984127
7,32,magnitude,joint,0.6,97.93609692185518,18.315841451826152,98.2666497867133,21.323920607302433,107.116600000154,0.599609375,0.6001984126984127
7,32,magnitude,C_only,0.8,3.2092394316333178e-06,2.2731601727801716e-06,4.282193260045931e-07,5.080339236421432,120.07685000116908,0.7998046875,1.0
7,32,magnitude,M_only,0.8,62.71338262420257,34.99567289667187,63.44424589934702,28.712256933450774,117.31204999978218,1.0,0.8000992063492063
7,32,magnitude,joint,0.8,62.71338245336339,34.995671694378196,63.44424567057837,29.12414888517437,114.86564999995608,0.7998046875,0.8000992063492063
7,32,magnitude,C_only,0.9,1.0263046801416267e-06,4.6899080239913195e-07,1.0606596146716653e-07,2.14190155450669,96.18285000033211,0.900390625,1.0
7,32,magnitude,M_only,0.9,85.72298441003221,24.856567525429455,85.86411776073159,20.721831192621178,97.0538999990822,1.0,0.8998015873015872
7,32,magnitude,joint,0.9,85.72298424062377,24.856567424588462,85.86411773707866,20.830789226165972,105.25925000001735,0.900390625,0.8998015873015872
7,32,magnitude,C_only,0.95,3.912414746411218e-07,1.1020830761492098e-07,3.3139762541419405e-08,1.1115589529315866,114.10105000049953,0.9501953125,1.0
7,32,magnitude,M_only,0.95,86.78569527816029,17.410492913736718,86.84042389531889,14.538915715137199,100.88709999945422,1.0,0.9499007936507936
7,32,magnitude,joint,0.95,86.78569518732317,17.410492901464362,86.84042388996907,14.581237337615182,116.07444999935979,0.9501953125,0.9499007936507936
7,32,magnitude,C_only,1.0,0.0,0.0,0.0,0.0,122.6787499999773,1.0,1.0
7,32,magnitude,M_only,1.0,0.0,0.0,0.0,0.0,120.79274999996414,1.0,1.0
7,32,magnitude,joint,1.0,0.0,0.0,0.0,0.0,117.69509999976435,1.0,1.0
7,32,physics_proxy,C_only,0.4,2.1032855223419848e-05,2.8391211213987265e-05,4.163207775070988e-06,22.926243032411982,107.37484999935987,0.400390625,1.0
7,32,physics_proxy,M_only,0.4,98.12955789614357,13.48038336514833,98.78866116504045,12.229901522000771,108.38369999964925,1.0,0.39980158730158727
7,32,physics_proxy,joint,0.4,98.12954792389756,13.4803813259486,98.78866188098027,25.405318777812653,115.33589999999094,0.400390625,0.39980158730158727
7,32,physics_proxy,C_only,0.6,9.804831031087355e-06,9.125199318705778e-06,1.434137644060115e-06,10.603123243095514,110.4049000005034,0.599609375,1.0
7,32,physics_proxy,M_only,0.6,97.90805533104034,18.531874236460727,98.24339382224278,15.615882826178815,102.43300000001909,1.0,0.6001984126984127
7,32,physics_proxy,joint,0.6,97.90805133980776,18.531874178067227,98.24339406764325,18.779364597131465,113.311000000067,0.599609375,0.6001984126984127
7,32,physics_proxy,C_only,0.8,3.3281804290701227e-06,1.4689921362395317e-06,2.8700686901982555e-07,3.2567947433598357,123.1446000001597,0.7998046875,1.0
7,32,physics_proxy,M_only,0.8,15.60233332153944,50.427225124146126,17.284021294327,42.94841080932951,109.80225000002974,1.0,0.8000992063492063
7,32,physics_proxy,joint,0.8,15.60232912788254,50.42722501453796,17.284020763065573,42.68972634277269,105.72980000051757,0.7998046875,0.8000992063492063
7,32,physics_proxy,C_only,0.9,1.4795861705459009e-06,3.9168033245875835e-07,8.754621674272899e-08,1.284942028772912,168.24730000007548,0.900390625,1.0
7,32,physics_proxy,M_only,0.9,75.70878465773106,23.636579819636466,75.92912390283952,19.306249919284614,149.98045000083948,1.0,0.8998015873015872
7,32,physics_proxy,joint,0.9,75.70878346704401,23.636579715543586,75.92912385227962,19.330779830975427,169.78724999898986,0.900390625,0.8998015873015872
7,32,physics_proxy,C_only,0.95,6.317686841445003e-07,1.1585900206823983e-07,2.842541510531602e-08,0.5605537534404497,114.90970000068046,0.9501953125,1.0
7,32,physics_proxy,M_only,0.95,78.11987369352423,18.85868935299017,78.19435450605428,15.375263295300995,100.06609999982174,1.0,0.9499007936507936
7,32,physics_proxy,joint,0.95,78.11987325428944,18.858689329692908,78.19435449070873,15.381436051821984,98.11369999988528,0.9501953125,0.9499007936507936
7,32,physics_proxy,C_only,1.0,0.0,0.0,0.0,0.0,99.7225500004788,1.0,1.0
7,32,physics_proxy,M_only,1.0,0.0,0.0,0.0,0.0,96.1765000001833,1.0,1.0
7,32,physics_proxy,joint,1.0,0.0,0.0,0.0,0.0,99.78870000031748,1.0,1.0
7,32,learned_gate,C_only,0.4,2.279580136915777e-05,3.161016715035794e-05,4.573053442336729e-06,24.362469786858547,138.03114999973332,0.400390625,1.0
7,32,learned_gate,M_only,0.4,98.10052654038067,13.81949693572151,98.77085425757423,12.56094929334624,116.35559999922407,1.0,0.39980158730158727
7,32,learned_gate,joint,0.4,98.10052429616472,13.819494196666826,98.7708528025259,27.138160448442676,130.53415000013047,0.400390625,0.39980158730158727
7,32,learned_gate,C_only,0.6,1.0535135310140888e-05,1.118229905356564e-05,1.6300220530682862e-06,11.72208899667294,125.21699999979319,0.599609375,1.0
7,32,learned_gate,M_only,0.6,96.90607003366046,20.068203667643566,97.41496638201941,13.755879133173583,126.94494999959716,1.0,0.6001984126984127
7,32,learned_gate,joint,0.6,96.90606880469095,20.068203245797704,97.41496582140944,17.919123168588982,143.7258500009193,0.599609375,0.6001984126984127
7,32,learned_gate,C_only,0.8,3.4069051502473554e-06,1.916396440389275e-06,3.1180820007365705e-07,3.63311609656223,107.66704999969079,0.7998046875,1.0
7,32,learned_gate,M_only,0.8,4.793880520429897,102.9577133913979,2.6874318976386946,90.3124820698659,145.65910000055737,1.0,0.8000992063492063
7,32,learned_gate,joint,0.8,4.793883189583076,102.95771243266532,2.687432712465975,90.20711876467917,151.41349999976228,0.7998046875,0.8000992063492063
7,32,learned_gate,C_only,0.9,1.3647501222125563e-06,4.2893149820413044e-07,7.977312760012425e-08,1.3861180391536583,149.79665000009845,0.900390625,1.0
7,32,learned_gate,M_only,0.9,44.73134746501158,48.73084901518904,45.17947170394537,40.78235880399681,127.72744999983843,1.0,0.8998015873015872
7,32,learned_gate,joint,0.9,44.7313471296646,48.73084898143235,45.179471673002666,40.80394912442082,113.49394999979268,0.900390625,0.8998015873015872
7,32,learned_gate,C_only,0.95,6.280268151306228e-07,1.284572835861448e-07,2.783859635696907e-08,0.5761843590809432,99.02475000035338,0.9501953125,1.0
7,32,learned_gate,M_only,0.95,69.19486815382831,17.466936208222357,69.28278920357872,14.318027981092552,113.35525000049529,1.0,0.9499007936507936
7,32,learned_gate,joint,0.95,69.19486792943226,17.466936221453466,69.28278920283265,14.329552157483356,108.96205000153714,0.9501953125,0.9499007936507936
7,32,learned_gate,C_only,1.0,0.0,0.0,0.0,0.0,121.4337000001251,1.0,1.0
7,32,learned_gate,M_only,1.0,0.0,0.0,0.0,0.0,129.87869999960822,1.0,1.0
7,32,learned_gate,joint,1.0,0.0,0.0,0.0,0.0,122.28104999940115,1.0,1.0
