scenario,added_cps_pf,repeat,true_cps_pf,model_only_3p_cps_pf,model_only_3p_ls_uh,model_only_3p_rs_ohm,reconstructed_2p_cps_pf,reconstructed_2p_ls_uh,reconstructed_2p_cost_rms,reconstructed_3p_cps_pf,reconstructed_3p_ls_uh,reconstructed_3p_rs_ohm,reconstructed_3p_cost_rms,log_residual_3p,valid_frequency_count,median_excitation_condition,median_sigma_ratio
matched_control,0.0,0,28.36,28.360000000000046,96.00000000000003,0.09500000000000001,28.361894574506973,95.99875394645265,9.016554428394077e-05,28.36189456982135,95.998753947072,0.09514200560116201,9.016553680622553e-05,6.68020642267176e-05,2803,2.3778183249993345,0.6485010224697675
matched_control,0.0,1,28.36,28.360000000000046,96.00000000000003,0.09500000000000001,28.2895087451305,95.99956311065066,9.917319329922218e-05,28.28950872636138,95.99956311016533,0.09531423703590503,9.917316005309185e-05,-0.002488682130030509,2805,2.375655827872226,0.6487961120591238
matched_control,0.0,2,28.36,28.360000000000046,96.00000000000003,0.09500000000000001,28.30038552560685,96.00068361558885,9.02063407042592e-05,28.300385531797893,96.00068361503583,0.09473932614976815,9.020631554831912e-05,-0.002104274075799798,2806,2.378904365275708,0.6483530313458137
matched_control,0.0,3,28.36,28.360000000000046,96.00000000000003,0.09500000000000001,28.318645071481846,95.99868794423607,0.00010893047306652985,28.318645072723754,95.99868794474764,0.095135144640373,0.00010893046745985287,-0.0014592774602119687,2801,2.370774368868257,0.6494637089167293
matched_control,0.0,4,28.36,28.360000000000046,96.00000000000003,0.09500000000000001,28.40477815535758,95.99737990961073,8.381713104254449e-05,28.404778153022733,95.99737990973249,0.0952995121897553,8.381709527973755e-05,0.0015776741764043406,2804,2.3732527029454555,0.6491245102508605
matched_control,2.5,0,30.859999999999996,30.860000000000042,96.00000000000003,0.09500000000000001,30.845997564504152,96.0002948485676,8.79828585877372e-05,30.84599757189525,96.00029484740304,0.09462511717362194,8.798280524393521e-05,-0.00045384335060059863,2805,2.3737879886875968,0.6490513177708319
matched_control,2.5,1,30.859999999999996,30.860000000000042,96.00000000000003,0.09500000000000001,30.807879505179063,95.9999433245626,8.325148142836817e-05,30.807879523157467,95.99994332673941,0.09536265700900942,8.325142863646258e-05,-0.0016903610001173391,2804,2.3772170468995792,0.6485831280123957
matched_control,2.5,2,30.859999999999996,30.860000000000042,96.00000000000003,0.09500000000000001,30.831551879253404,95.99843171303048,8.16508217129212e-05,30.831551879475104,95.99843171289697,0.09488945657753273,8.165081671450125e-05,-0.0009222696357817721,2805,2.379521509681648,0.6482688928759375
matched_control,2.5,3,30.859999999999996,30.860000000000042,96.00000000000003,0.09500000000000001,30.857685550069608,95.99989565625947,0.000104459808071539,30.8576855506957,95.9998956562322,0.09503020898680836,0.0001044598077796563,-7.500116975331802e-05,2804,2.3750570565992817,0.6488778905550426
matched_control,2.5,4,30.859999999999996,30.860000000000042,96.00000000000003,0.09500000000000001,30.89743882231772,95.99864174214744,9.622889648491979e-05,30.897438822224416,95.99864174289505,0.09486410583056863,9.622889007662638e-05,0.0012124475212949657,2805,2.375672951126587,0.6487937738751437
matched_control,5.0,0,33.36,33.35999999999999,96.00000000000003,0.09500000000000001,33.36759342681707,95.99886228178197,0.00010356158150327353,33.367593429105476,95.99886228169876,0.09498632565037818,0.00010356158144294248,0.00022759487486451123,2805,2.375635524467833,0.6487988845260179
matched_control,5.0,1,33.36,33.35999999999999,96.00000000000003,0.09500000000000001,33.38372298359632,95.99992374621498,8.353833067470966e-05,33.38372298316472,95.99992374636555,0.09503447592929595,8.353833019935007e-05,0.0007108678720156783,2805,2.3764422447354354,0.6486887527444765
matched_control,5.0,2,33.36,33.35999999999999,96.00000000000003,0.09500000000000001,33.35558428724165,95.99849905143509,8.34029227652708e-05,33.35558431332045,95.99849905020251,0.09476896754308475,8.340290137591213e-05,-0.00013237346960091892,2804,2.3737369584088985,0.6490583934972187
matched_control,5.0,3,33.36,33.35999999999999,96.00000000000003,0.09500000000000001,33.33214668355659,95.99938401852827,8.415599995519166e-05,33.332146681710306,95.99938401859,0.09502254526210621,8.415599975366803e-05,-0.0008352803529342269,2806,2.3736739010446732,0.6490670909767937
matched_control,5.0,4,33.36,33.35999999999999,96.00000000000003,0.09500000000000001,33.35619442374593,95.99886049509458,9.078698329585976e-05,33.356194544120356,95.99886049321944,0.09428878610660701,9.078679709499829e-05,-0.00011407892520767199,2804,2.3741804636680124,0.6489976695331454
matched_control,10.0,0,38.36,38.36000000000001,96.00000000000003,0.09500000000000001,38.35496713625612,95.99967203902484,9.83303818848722e-05,38.35496713891531,95.99967203896652,0.0948944688006557,9.83303780912523e-05,-0.00013120936577575175,2806,2.3761239235546245,0.648732209787741
matched_control,10.0,1,38.36,38.36000000000001,96.00000000000003,0.09500000000000001,38.371138622040384,95.99841878306232,9.802037964457053e-05,38.371138627196075,95.99841878324496,0.09509314238327247,9.802037668605289e-05,0.00029032873677095714,2803,2.3765434757638255,0.6486749368539784
matched_control,10.0,2,38.36,38.36000000000001,96.00000000000003,0.09500000000000001,38.38427633434043,95.99977467398216,0.00011113264671787468,38.384276324787685,95.9997746741428,0.09518262865171973,0.000111132636700213,0.0006326550137673203,2807,2.380565927981256,0.6481266707755835
matched_control,10.0,3,38.36,38.36000000000001,96.00000000000003,0.09500000000000001,38.354616790186746,95.99952641074675,8.857078405580113e-05,38.35461678670891,95.99952641084906,0.09505369988922774,8.857078296857585e-05,-0.00014034387514149545,2805,2.3756114685858476,0.648802169446573
matched_control,10.0,4,38.36,38.36000000000001,96.00000000000003,0.09500000000000001,38.34192387010613,95.99962379810997,0.00010281450827138538,38.34192386640264,95.999623798038,0.09504890856724703,0.00010281450749364369,-0.00047133456426689087,2803,2.379976378734628,0.6482069402551355
matched_control,20.0,0,48.36,48.35999999999994,96.00000000000003,0.09500000000000001,48.35952372177052,95.99890401910261,9.061324230630094e-05,48.35952372331198,95.99890401894403,0.09495499878743843,9.0613241559717e-05,-9.848615247244664e-06,2806,2.378104097112991,0.6484622920275154
matched_control,20.0,1,48.36,48.35999999999994,96.00000000000003,0.09500000000000001,48.2875640481721,96.00074821786355,9.577401020919975e-05,48.28756404780086,96.00074821796774,0.09503696688123385,9.577400973210411e-05,-0.0014989713703788513,2804,2.372664928297633,0.6492050523453727
matched_control,20.0,2,48.36,48.35999999999994,96.00000000000003,0.09500000000000001,48.33222694930607,95.99909613372415,9.054778952047188e-05,48.33222695185821,95.99909613352975,0.09493834474153348,9.054778811677429e-05,-0.0005744629073317339,2803,2.377067688723505,0.6486034070108021
matched_control,20.0,3,48.36,48.35999999999994,96.00000000000003,0.09500000000000001,48.421376608753334,95.9985661920388,8.781024137258572e-05,48.4213766131882,95.99856619184013,0.09494200834215603,8.781024009210498e-05,0.0012683560322082578,2803,2.37151086136364,0.6493628528974362
matched_control,20.0,4,48.36,48.35999999999994,96.00000000000003,0.09500000000000001,48.238960788297625,96.0004822231996,9.956774942005872e-05,48.23896078229524,96.00048222169397,0.09480326199264867,9.95677364249763e-05,-0.002506016215279647,2804,2.3767682857432337,0.6486443105490945
copper_dispersion,0.0,0,28.36,27.33403527137242,95.72603192776094,0.09987834537406873,27.225459772350668,95.72797683416772,0.00010111135068904645,27.225459825220437,95.72797684479363,0.09970454466228236,0.00010110401480104292,-0.040827143172274434,2805,2.375700693154482,0.6487899857490613
copper_dispersion,0.0,1,28.36,27.341565397722704,95.74038697078718,0.09987724622171729,27.330946808633716,95.73852479291608,0.00011056820839579621,27.330946296846296,95.73852480963083,0.09993367088125532,0.00011056082588251312,-0.03696007748450666,2803,2.37569246013644,0.6487911099465576
copper_dispersion,0.0,2,28.36,27.394321866754094,95.72576415395338,0.09987852400315902,27.395710962257585,95.72278337210211,0.00010513616174090946,27.395710918710883,95.72278338338107,0.10000085675723333,0.00010512818465584236,-0.03459323633638276,2804,2.3752720585564124,0.6488485286919663
copper_dispersion,0.0,3,28.36,27.397185630511434,95.7283588263051,0.09987835929375954,27.43397465773619,95.72685055868646,0.00010552662107437294,27.433974841100806,95.72685057867542,0.0999055473894964,0.0001055189731719205,-0.033197498678161595,2803,2.3757304841402394,0.6487859179152002
copper_dispersion,0.0,4,28.36,27.397765047743796,95.74009676860463,0.09987721385957943,27.416211706407182,95.7399163170223,0.00010187568717338254,27.416211667139976,95.73991631728336,0.09998570988731467,0.00010186750495996843,-0.03384519655168301,2804,2.3752465270239544,0.6488520194427616
copper_dispersion,2.5,0,30.859999999999996,29.84231621422978,95.73973999111348,0.09987744393669236,29.88239740175478,95.73782322759332,9.763572318115e-05,29.882397265204922,95.7378232276668,0.10006939290974662,9.762690199720154e-05,-0.0321912601294323,2806,2.3770115551896653,0.6486111405834037
copper_dispersion,2.5,1,30.859999999999996,29.781711379017704,95.73947853746654,0.099877669650002,29.719930105648277,95.73923541196281,0.00010131365130694236,29.719929826919177,95.73923541504,0.10014893284577946,0.00010130487537602593,-0.0376429882282445,2803,2.375660426756203,0.6487954840780678
copper_dispersion,2.5,2,30.859999999999996,29.842283272987235,95.7398315561083,0.09987748313734038,29.804150247809833,95.73962708918923,0.00011704348959647393,29.804150351284537,95.73962709716982,0.09955798446448808,0.00011703754132672845,-0.03481318958827591,2806,2.3756823167767678,0.6487924951781053
copper_dispersion,2.5,3,30.859999999999996,29.78071744938804,95.73960207252773,0.09987760571057949,29.791047573063018,95.73892756244446,9.524191950647892e-05,29.79104756637251,95.73892756622249,0.09979761760265207,9.523382685775573e-05,-0.03525291579377516,2807,2.379174760464397,0.6483161316381342
copper_dispersion,2.5,4,30.859999999999996,29.840945957486433,95.72841030634578,0.09987861469270465,29.865222338092998,95.72739538895203,9.950996463261014e-05,29.865222197730105,95.72739537848774,0.09986066891458667,9.950200788944012e-05,-0.0327661807070982,2806,2.377050688988097,0.648605816148255
copper_dispersion,5.0,0,33.36,32.226989790739886,95.72836972118472,0.09987879179647473,32.30889734032905,95.72591080257725,0.00010741958256706155,32.30889711882056,95.72591082904485,0.09999573836610744,0.00010741179038923702,-0.032014932596972384,2804,2.3769203871901805,0.6486235859240479
copper_dispersion,5.0,1,33.36,32.280124923186705,95.72875925104837,0.0998789416912506,32.264132826151,95.7275539287099,0.00010344210684379983,32.264132519448395,95.72755392304225,0.09996178392747854,0.00010343412419194484,-0.03340141258076572,2804,2.3745659416384735,0.6489450395239549
copper_dispersion,5.0,2,33.36,32.282544966471775,95.7422193830795,0.0998776519682594,32.34618245230971,95.74158024847317,9.556611127116874e-05,32.34618249443002,95.74158026447653,0.09978728534453503,9.555807978030157e-05,-0.030861569861493156,2808,2.3760261157536635,0.6487455622497662
copper_dispersion,5.0,3,33.36,32.280723619666254,95.73894278975388,0.09987809071889141,32.300719269484546,95.7391609266001,9.518195353650008e-05,32.30071919589444,95.73916094932206,0.0996611997658102,9.517430854745647e-05,-0.03226808138305885,2807,2.379643683612218,0.6482522511879697
copper_dispersion,5.0,4,33.36,32.27542032624528,95.72755782865424,0.09987879591350779,32.29653568969485,95.72758346148231,0.0001056593867587325,32.296535987641214,95.72758345635286,0.10008413048805827,0.00010565118167237114,-0.03239759797775583,2803,2.3756234004838266,0.6488005400950914
copper_dispersion,10.0,0,38.36,37.114604992954504,95.73023259823968,0.09987967663082485,37.1030623160254,95.72885322323582,0.00011377845579495188,37.10306215520063,95.72885323063275,0.09993981942916567,0.00011377126191529199,-0.03331574593188321,2804,2.377654596961518,0.6485234094984687
copper_dispersion,10.0,1,38.36,37.11773032889385,95.73997703357175,0.09987855129726701,37.14431434439996,95.73736371891253,0.0001082915568689489,37.144314767338834,95.73736371733195,0.09972525490156932,0.0001082846407620386,-0.03220452508899265,2803,2.373390242786372,0.6491057013023966
copper_dispersion,10.0,2,38.36,37.1781479905556,95.74373204894725,0.09987832380775505,37.15734002611917,95.74299298969794,0.00010447591082367923,37.157339889525886,95.74299300097263,0.09949931779415978,0.0001044694156197559,-0.03185392395149109,2805,2.3839611409124575,0.6476649786643601
copper_dispersion,10.0,3,38.36,37.171289332926136,95.72681341524249,0.09987936514600215,37.1451889989595,95.72665514182331,0.00010109250186068783,37.145188481058725,95.72665515425665,0.0999303570549739,0.00010108444198946312,-0.03218100322704125,2805,2.3817329182964238,0.6479678682889948
copper_dispersion,10.0,4,38.36,37.17457905963408,95.74141510607146,0.09987832846504878,37.18353297712857,95.74128065525743,0.00011427959124884916,37.18353258636967,95.74128067431283,0.09992927599643836,0.00011427245959749056,-0.03114925915390985,2803,2.380961297277743,0.6480728563719488
copper_dispersion,20.0,0,48.36,46.89839907885222,95.73103178312547,0.09988119093352776,46.8712138266113,95.73066279539258,0.00011123948405302246,46.87121369093863,95.7306628226405,0.09985066927900878,0.00011123238775785333,-0.03126931931176935,2804,2.3736203296764975,0.649074428258092
copper_dispersion,20.0,1,48.36,46.89804645159958,95.73107236369731,0.09988116821128847,46.848924192497144,95.73096426636565,0.0001126419284265858,46.848924220557066,95.73096426528497,0.09993633891884782,0.00011263467579463007,-0.03174497953375655,2805,2.3756444200508846,0.6487976698135559
copper_dispersion,20.0,2,48.36,46.89679209277082,95.72930570602846,0.09988103729986088,46.84599426847957,95.72903319731047,0.0001132227350390003,46.845994000376336,95.7290332559452,0.09959144908031475,0.00011321649178288715,-0.031807527647086935,2805,2.3757031601602145,0.6487896488868943
copper_dispersion,20.0,3,48.36,46.97297798211797,95.73185908663176,0.09988036564773743,46.98782921974949,95.73079289319652,0.00010899128182121963,46.987829613934636,95.73079288733295,0.09983200452351497,0.0001089840994522078,-0.028784401952788658,2806,2.3768694947998235,0.6486305134086544
copper_dispersion,20.0,4,48.36,46.898044892579954,95.73107232558802,0.09988117365412184,46.89926802881359,95.73156144051772,0.00011169679168940676,46.899267739378395,95.73156145480952,0.09958706136882241,0.00011169047592838585,-0.03067096364911618,2805,2.3720255154785277,0.6492924035300853
dielectric_loss,0.0,0,28.36,28.359289928347142,95.99920063198975,0.09689993110323386,28.248305173834964,95.99833555796842,0.0001133312559786456,28.248305697598283,95.99833551736074,0.09722651229562061,0.00011332979314082697,-0.0039462211763227955,2802,2.375881602460339,0.6487652883416938
dielectric_loss,0.0,1,28.36,28.35701349752014,95.99929403064064,0.09688484249806296,28.352584104811672,95.99810288874048,0.00011765550484926313,28.352585140779194,95.99810283137218,0.09721961603984078,0.00011765410549325796,-0.00026148902380837796,2803,2.374257016221903,0.6489872055089574
dielectric_loss,0.0,2,28.36,28.373391803539768,95.99892553938773,0.09700741170459448,28.437072111237075,95.99789157155601,0.00011240359128863408,28.437072052926904,95.9978915156148,0.09722191850457443,0.00011240212361968945,0.0027139462457250923,2804,2.375165264530917,0.6488631222479908
dielectric_loss,0.0,3,28.36,28.373367284082562,95.99892465879707,0.09704233498935164,28.390856357474792,95.99863349714549,0.000117796286242096,28.390856242011974,95.99863344284653,0.09707884952753343,0.00011779506108856432,0.0010874283524822744,2805,2.3701902613190904,0.6495437306120928
dielectric_loss,0.0,4,28.36,28.374721284952248,95.99889426261697,0.09698082877500837,28.276301864990394,95.99970427935047,0.00010741033027976503,28.27630174566776,95.99970423654189,0.09705388602288684,0.00010740901885716553,-0.002955641971086293,2806,2.375526355915924,0.6488137932963768
dielectric_loss,2.5,0,30.859999999999996,30.866565556099463,95.99910259771111,0.0971586583119922,30.84832344244911,95.9966532646141,0.00012470896067172987,30.848323769804672,95.9966532132266,0.09720471205265299,0.00012470765897318315,-0.0003784329121701294,2805,2.3708114915197824,0.6494586241789909
dielectric_loss,2.5,1,30.859999999999996,30.867361827748542,95.99906713038389,0.09716601015371362,30.831426141815967,95.99687695990809,0.00012902973619020804,30.831426382048306,95.99687689814607,0.09760279094951496,0.00012902798150164486,-0.0009263400660572022,2803,2.3760811874219976,0.6487380366079135
dielectric_loss,2.5,2,30.859999999999996,30.866507625909843,95.99909930749688,0.09709910589544875,30.81224506481999,95.99864824871872,0.0001142490357237115,30.81224518436254,95.99864820266836,0.09704277026499757,0.00011424781686827569,-0.0015486650450020547,2807,2.3797839105813625,0.6482331520195225
dielectric_loss,2.5,3,30.859999999999996,30.865816327069425,95.99878721495972,0.09729730362801367,30.92624426999307,95.99712577532405,0.00011573663961748406,30.926244626359022,95.99712571995964,0.09736572528416453,0.00011573502347181221,0.0021443171418780906,2804,2.3746337603281624,0.6489357257077992
dielectric_loss,2.5,4,30.859999999999996,30.866565778443267,95.99910739163857,0.09707690678151848,30.919326525290288,95.99595073550933,0.00011670164104012634,30.919326744743326,95.99595068458943,0.09726418846907914,0.00011670017407660113,0.0019206024444087637,2805,2.374164129551038,0.648999900855205
dielectric_loss,5.0,0,33.36,33.369550502759274,95.99889491938912,0.09747260014450385,33.32068408710427,95.99889994707783,0.00013096691457286275,33.320684198666626,95.9988998494115,0.09763443215549229,0.00013096514233920794,-0.0011792262290591922,2802,2.382381501492025,0.6478796696609688
dielectric_loss,5.0,1,33.36,33.36973794810261,95.99891359485568,0.09752107707035236,33.358724554719416,95.99923516284342,0.0001273180609537796,33.35872463581121,95.99923507056717,0.09750515761607229,0.00012731641231055458,-3.823107218895974e-05,2802,2.377750413447923,0.6485103952742445
dielectric_loss,5.0,2,33.36,33.36970915116798,95.99891994084825,0.0974416245297547,33.292952436774826,95.9984434856477,0.00012296385640022355,33.29295263260128,95.9984434074617,0.09737691668185193,0.0001229623219651883,-0.002011835556114614,2806,2.3740293283445864,0.6490183456839742
dielectric_loss,5.0,3,33.36,33.35690346159514,95.9990333610509,0.0974331119322303,33.441027712609305,95.99763679120164,0.00011520646427775724,33.4410288966789,95.99763672601466,0.09715393823506395,0.00011520511928806444,0.002425978693970782,2805,2.3717229206871355,0.649333821992457
dielectric_loss,5.0,4,33.36,33.356938394357144,95.99903048910852,0.09743276199830639,33.329234365296614,95.99813018444544,0.0001209549862977376,33.32923520338469,95.99813010986905,0.09753721150393296,0.0001209532075026989,-0.0009226316272440728,2804,2.376081860891748,0.648737949931957
dielectric_loss,10.0,0,38.36,38.386604992834464,95.99832082463013,0.0978492632926806,38.354972635851674,95.9970536142505,0.00012801398860147475,38.35497183643574,95.99705353210366,0.09785923946775364,0.00012801185564339964,-0.00013108689089214848,2805,2.378196574245547,0.6484494487731651
dielectric_loss,10.0,1,38.36,38.361421880612816,95.99882377037389,0.09793469817072349,38.31769522000612,95.99800663014284,0.00013221863417109473,38.317696436963445,95.99800649148212,0.09813961149529357,0.00013221614053085794,-0.0011034125774357494,2802,2.3747271788860314,0.6489229973829523
dielectric_loss,10.0,2,38.36,38.361609285443755,95.99884582566916,0.09803719790582197,38.312041274110896,95.99969811112199,0.00012996541564441223,38.31204221796819,95.99969799301837,0.09781581480111037,0.00012996337493207706,-0.0012509850239757446,2801,2.375748378329417,0.6487834745756788
dielectric_loss,10.0,3,38.36,38.3613233797543,95.99881324588144,0.09792294206412513,38.45724140685159,95.99556151399328,0.00013973946486724948,38.45724231923615,95.99556140335444,0.09770367799752987,0.00013973771770352586,0.002531785006681472,2806,2.375635387410325,0.6487989034074424
dielectric_loss,10.0,4,38.36,38.38647057409409,95.99827798288051,0.0979796152569658,38.354525297568514,95.99923058779689,0.00013222726330769846,38.35452484625314,95.99923049780539,0.09777813649188558,0.00013222531082238248,-0.0001427409937589241,2802,2.374728532769404,0.6489228114373276
dielectric_loss,20.0,0,48.36,48.349061134181646,95.99786586876978,0.09963557770172125,48.33782452583672,95.99638197501947,0.00015972689240607136,48.33782846287183,95.9963816160663,0.09975564157906741,0.00015972215859669554,-0.0004585736385014798,2803,2.372818117228525,0.6491839516275277
dielectric_loss,20.0,1,48.36,48.39209746263945,95.99868441920461,0.098483729396278,48.412711346437675,95.99837682147466,0.00014122850530050957,48.41270973758827,95.99837660048807,0.09893766665714154,0.00014122483741873062,0.001089351387259776,2805,2.382832597484923,0.6478183321842166
dielectric_loss,20.0,2,48.36,48.39200755743538,95.998614210916,0.09865823001846458,48.442773365936944,95.99740155439599,0.00012938905126400887,48.442772231711125,95.99740138034012,0.09837452713284889,0.00012938610863053466,0.001710121517705795,2804,2.3762625621485123,0.648713290054316
dielectric_loss,20.0,3,48.36,48.34868600172817,95.99784248447976,0.09966490389979606,48.368699002103284,95.99515566972899,0.00015783769238931307,48.368704656030296,95.99515530227954,0.0999405465470555,0.00015783252578023608,0.00017998082543851498,2805,2.379717821472019,0.6482421532661911
dielectric_loss,20.0,4,48.36,48.39209079342195,95.99867828872438,0.09849187372002628,48.43174942396253,95.99881910357144,0.00013210550867691833,48.43174782971209,95.99881893839803,0.0984054515164426,0.00013210257586021256,0.0014825198317383226,2805,2.3756537066088015,0.6487964017198504
secondary_mode,0.0,0,28.36,27.408273438748548,96.10111558490458,0.2834868551503784,27.42938543011534,96.09799614874076,0.0006228084022830878,27.429840127628054,96.09796577816739,0.2832553521596189,0.0006209113457804725,-0.033348225108065885,2805,2.3705505515490617,0.6494943679961601
secondary_mode,0.0,1,28.36,27.408502854805004,96.10133501620902,0.28289197981949427,27.414588624957915,96.09933778747474,0.0006211961240945289,27.41502593610108,96.09930775986646,0.283176347536238,0.0006192957423241905,-0.03388844675324371,2805,2.3714200569564228,0.6493752852044635
secondary_mode,0.0,2,28.36,27.408461754645394,96.10119413750343,0.2833782114710942,27.412517256431922,96.10027735221095,0.0006233500050418413,27.41296327811325,96.10024659262075,0.28346107719665903,0.0006214491081423859,-0.033963687812358444,2803,2.3776556153197497,0.6485232114671445
secondary_mode,0.0,3,28.36,27.533597517039336,96.09586329266531,0.28008195122569574,27.522589041856452,96.0950897864884,0.000618399616053907,27.52296085180669,96.09506246718585,0.28011516020056937,0.0006165524440706222,-0.029959105294262278,2805,2.3757167265433017,0.6487877964477158
secondary_mode,0.0,4,28.36,28.485249086451233,96.0835743435355,0.2850428350668822,28.501376067367634,96.0823543806768,0.0006875752764350325,28.501482516891276,96.0823158342373,0.28509264328684153,0.0006858222898894608,0.004976402394317831,2804,2.3762664128714017,0.648712767811988
secondary_mode,2.5,0,30.859999999999996,30.531497645962443,96.08368462904271,0.28530381802179094,30.588699092094025,96.08060549280627,0.0006905455833855338,30.588970203987536,96.08056477853454,0.2852514298486187,0.0006887971821754915,-0.008821353804782554,2803,2.3753063698170593,0.6488438361531449
secondary_mode,2.5,1,30.859999999999996,30.530489446593716,96.08342175388475,0.2857144004380483,30.500827818869713,96.080938801792,0.0006977594218654293,30.501089865983243,96.08089766473466,0.28576717909828897,0.0006960197507803882,-0.011698430649142305,2803,2.3736096339789268,0.649075702400579
secondary_mode,2.5,2,30.859999999999996,30.512569583621342,96.08537632667033,0.28528398738150307,30.52510123229375,96.08241402767467,0.0006882502082650703,30.525367286505396,96.0823728590284,0.2855292207061914,0.0006864920967214536,-0.010902794692684997,2806,2.377420461548268,0.6485552844165353
secondary_mode,2.5,3,30.859999999999996,30.532444550393127,96.08403403300554,0.285343301671715,30.51329917270293,96.08349522850514,0.0006848201659444079,30.513561291794947,96.08345491856252,0.28526629805882653,0.000683058085795017,-0.011289629623528369,2805,2.3774823553452746,0.6485468417304275
secondary_mode,2.5,4,30.859999999999996,30.401025671083467,96.10591728285335,0.2846970700219067,30.332781169061427,96.1064637989292,0.0006473396941451654,30.333144555275656,96.10641859545487,0.28491899499774953,0.0006454808282887439,-0.017219852558091067,2803,2.3759689272954243,0.6487533622615964
secondary_mode,5.0,0,33.36,32.72651004875144,96.09217130063438,0.28247090931124375,32.684696621108195,96.08992460467185,0.000652167552657341,32.68510726272676,96.08988596840017,0.28232718644270416,0.0006503739115620793,-0.020438038720154587,2806,2.3763471568166357,0.6487017489023542
secondary_mode,5.0,1,33.36,32.71033015759119,96.09303184863825,0.2829541760860038,32.541566996171504,96.09779708270918,0.0006563877542778733,32.54192442600718,96.0977551234575,0.2831714133505545,0.0006545895339270992,-0.024828337128546946,2805,2.375660910782362,0.648795417984039
secondary_mode,5.0,2,33.36,32.71008482183192,96.09314145126191,0.2828656292903373,32.53507148224425,96.09871234982933,0.0006579196293090702,32.53556139619312,96.09866921365912,0.28282086689995717,0.0006561310207184463,-0.025023889545913613,2804,2.373683370031582,0.6490657715853579
secondary_mode,5.0,3,33.36,32.71044224423863,96.09295212136269,0.285760962649808,32.70295576093055,96.09133174665294,0.0006596148469590043,32.70338969981179,96.0912909839354,0.285916627633194,0.0006577739684323704,-0.019878844415018426,2807,2.3756718718706415,0.6487939212470234
secondary_mode,5.0,4,33.36,32.726299505119705,96.09208029416969,0.28549536731398484,32.71042972065668,96.08994464270042,0.0006572306382336766,32.7108568326532,96.08990436130777,0.28529818017122927,0.0006553923994849318,-0.019650541460549863,2804,2.3754018908414984,0.6488307948095413
secondary_mode,10.0,0,38.36,38.598389973576936,96.0769917704896,0.2879582031750461,38.568447543674424,96.07692234378048,0.0006864442389978751,38.568569168208604,96.07687340658448,0.28785351850335894,0.000684636498326797,0.00542242450378818,2804,2.373154143653012,0.6491380211696627
secondary_mode,10.0,1,38.36,38.61496329328544,96.08117491492098,0.2848501224772304,38.55690183889719,96.08103213431978,0.0006737620560402474,38.55698712469373,96.08098446794357,0.28443258284360146,0.0006719864503250576,0.005122081941383771,2805,2.3756201920036877,0.6488009782255112
secondary_mode,10.0,2,38.36,38.615367800095825,96.07941037926055,0.287923517762411,38.64809374760228,96.0768944207356,0.0006847313462730563,38.64821120086885,96.07684572073454,0.2877212332750314,0.0006829215298477284,0.00748524195151761,2803,2.3756978783860183,0.6487903700978185
secondary_mode,10.0,3,38.36,38.612784117592284,96.08172177139535,0.2846947957397004,38.60948926951913,96.07967986030205,0.0006846145556740526,38.60958469392624,96.07963076654895,0.284918970710455,0.0006828569138724795,0.006485303764989834,2803,2.373191718480416,0.6491328505131003
secondary_mode,10.0,4,38.36,37.888011113084694,96.09401097129819,0.2853679992560362,37.887691239679675,96.09291558426219,0.0006860128337564722,37.88815047425614,96.09285616805612,0.2853992607089689,0.0006842512135359075,-0.012376839207103389,2805,2.3761570276017423,0.6487276835880323
secondary_mode,20.0,0,48.36,47.621174915723856,96.06627170680886,0.29641581696038377,47.59818248755316,96.06554676630479,0.0007663779425592268,47.59887286819012,96.06546226856602,0.2962053482956702,0.0007646153813159142,-0.015863944029278657,2803,2.3789513797014865,0.6483465689883569
secondary_mode,20.0,1,48.36,47.621548763463366,96.06577718833911,0.2900785309683509,47.651358915871434,96.06515826490875,0.0007540510887291158,47.65203937736128,96.06507750371136,0.28993989615952337,0.000752371120707378,-0.01474759745706796,2805,2.371954217367531,0.6493021619338609
secondary_mode,20.0,2,48.36,47.62293432146099,96.06599969898163,0.2960783739115169,47.658447688894135,96.06648511629247,0.0007697907934592942,47.659169272200906,96.06639951992966,0.2961543038393069,0.0007680357041471218,-0.014597984521633607,2802,2.3777513918955493,0.6485103352308883
secondary_mode,20.0,3,48.36,47.62152968199396,96.06630562396138,0.2925122295910463,47.659644405663215,96.06755247414551,0.0007613821277049089,47.66033790691497,96.06746924128358,0.29223834530338805,0.000759677508424432,-0.0145734641532702,2804,2.3751875120288832,0.648860080141378
secondary_mode,20.0,4,48.36,47.63283082424718,96.06759638732343,0.2926810526377882,47.62817809852813,96.06758771467328,0.0007563019933840003,47.62886205756191,96.0675055574709,0.29229905355588987,0.0007545860258895618,-0.015234102515426236,2805,2.3814641273265638,0.6480044346591406
probe_mismatch,0.0,0,28.36,28.360000000000046,96.00000000000003,0.09500000000000001,28.115952735714938,96.78750413718154,0.00022417069477562976,28.11607978029333,96.78750258359025,0.023750003896479865,0.00022058992315907635,-0.008638054813628893,2755,2.3554449755297213,0.6515736581752203
probe_mismatch,0.0,1,28.36,28.360000000000046,96.00000000000003,0.09500000000000001,28.139865278755217,96.7867938976845,0.00021785001703276459,28.140000543980538,96.78679170346628,0.023750003543275958,0.00021413722656623145,-0.007787630646463691,2758,2.3515643581038557,0.6521110627061792
probe_mismatch,0.0,2,28.36,28.360000000000046,96.00000000000003,0.09500000000000001,28.122007285814988,96.78467610594865,0.00021510855652764581,28.122108932524217,96.78467379013472,0.02375000358691228,0.00021134842107367466,-0.008423639933207534,2756,2.355580141033461,0.6515549652839057
probe_mismatch,0.0,3,28.36,28.360000000000046,96.00000000000003,0.09500000000000001,28.193018515662132,96.78279407053145,0.00020790602824006163,28.193110320909607,96.78279196411495,0.02375000422471157,0.0002040651828163468,-0.005902068430957945,2756,2.3546377131925977,0.6516853428910006
probe_mismatch,0.0,4,28.36,28.360000000000046,96.00000000000003,0.09500000000000001,28.12404390704996,96.7845991643847,0.00021304416794046195,28.12416632869233,96.78459798609921,0.023750004228980257,0.00020929809009343736,-0.008350483225159777,2755,2.3575090364319493,0.6512883608143171
probe_mismatch,2.5,0,30.859999999999996,30.860000000000042,96.00000000000003,0.09500000000000001,30.505587181444522,96.78672550972364,0.00021503313561737884,30.50572078342222,96.78672397858365,0.023750003688595762,0.00021128288017084937,-0.011546614240496232,2757,2.3548897270082985,0.6516504694124403
probe_mismatch,2.5,1,30.859999999999996,30.860000000000042,96.00000000000003,0.09500000000000001,30.649204237747306,96.78536050306519,0.0002138508163634224,30.649288425059012,96.78535882846772,0.02375000348959603,0.00021005949817387858,-0.006851400970449479,2756,2.3506407833012846,0.6522391643190719
probe_mismatch,2.5,2,30.859999999999996,30.860000000000042,96.00000000000003,0.09500000000000001,30.52428581471469,96.78741949516684,0.00021415138946713776,30.524436513421232,96.78741755607773,0.02375000422803554,0.00021042759836340294,-0.010933286947411571,2757,2.355242345672098,0.6516016861695025
probe_mismatch,2.5,3,30.859999999999996,30.860000000000042,96.00000000000003,0.09500000000000001,30.672361828262165,96.78391061075874,0.0002160166937966217,30.67251407621677,96.78390814690668,0.023750003574108523,0.00021227129673609307,-0.0060939003321451015,2756,2.35467230367066,0.65168057379198
probe_mismatch,2.5,4,30.859999999999996,30.860000000000042,96.00000000000003,0.09500000000000001,30.603459797272535,96.78753005540372,0.0002205318642768837,30.603550417994246,96.787528395496,0.023750003629797466,0.0002168720281124,-0.008344817975422147,2757,2.3550736924845244,0.6516250172300886
probe_mismatch,5.0,0,33.36,33.35999999999999,96.00000000000003,0.09500000000000001,33.06954369832672,96.78898884420937,0.00022264093232335052,33.06967686029134,96.78898624248248,0.02375000343691231,0.00021900003514944513,-0.00874082192978793,2757,2.351924316463229,0.6520611549150368
probe_mismatch,5.0,1,33.36,33.35999999999999,96.00000000000003,0.09500000000000001,33.10522738464318,96.78771682200258,0.00022490215954919986,33.10537247054681,96.78771402712111,0.023750003457894298,0.0002213001762753429,-0.007661997989995323,2757,2.3560282225415072,0.6514930029632279
probe_mismatch,5.0,2,33.36,33.35999999999999,96.00000000000003,0.09500000000000001,33.05180338220224,96.78727649963018,0.00022439686349170953,33.051936233529034,96.78727343273424,0.023750003478499888,0.00022078831843014334,-0.009277427930697977,2757,2.355831487316603,0.6515202054493486
probe_mismatch,5.0,3,33.36,33.35999999999999,96.00000000000003,0.09500000000000001,33.11951997944604,96.78262253436347,0.00020230040620044886,33.119620162446424,96.78262178021643,0.023750004254701466,0.00019835282880179315,-0.0072317165644195285,2756,2.3559537860343704,0.6515032948801486
probe_mismatch,5.0,4,33.36,33.35999999999999,96.00000000000003,0.09500000000000001,33.014508444607706,96.78812015744728,0.00022137754797983496,33.014638026003674,96.78811744296955,0.023750003545637763,0.00021772471053145976,-0.010406537829492768,2757,2.354847230549305,0.6516563493506701
probe_mismatch,10.0,0,38.36,38.36000000000001,96.00000000000003,0.09500000000000001,37.98770255172911,96.78609264682224,0.00021029022941397978,37.987843256076026,96.78609116562869,0.02375000417099015,0.00020648625835784166,-0.00974905578614099,2754,2.3531879785651224,0.6518860529866903
probe_mismatch,10.0,1,38.36,38.36000000000001,96.00000000000003,0.09500000000000001,38.069938528087924,96.78572638948403,0.00022296356323515853,38.07007575829331,96.78572359777688,0.023750003477169053,0.00021933078423911243,-0.00758668964925465,2757,2.35508208491179,0.6516238561834164
probe_mismatch,10.0,2,38.36,38.36000000000001,96.00000000000003,0.09500000000000001,38.03390343973599,96.78551433559117,0.00021623714427293812,38.03404395079706,96.78551256955568,0.023750003625915176,0.00021250218207519885,-0.00853359791982537,2758,2.353823120018694,0.6517981288293568
probe_mismatch,10.0,3,38.36,38.36000000000001,96.00000000000003,0.09500000000000001,38.05718497222136,96.78455067474182,0.00021031521311705588,38.05729654560525,96.7845487904664,0.023750004156967174,0.00020651887981089844,-0.007922422051972562,2759,2.355979322640282,0.6514997640111453
probe_mismatch,10.0,4,38.36,38.36000000000001,96.00000000000003,0.09500000000000001,38.0610311128608,96.78641066718232,0.00021781465972800572,38.06117704442193,96.7864089745329,0.023750003624825773,0.0002141072140703661,-0.007820462602786757,2758,2.354550179110284,0.6516974753653016
probe_mismatch,20.0,0,48.36,48.35999999999994,96.00000000000003,0.09500000000000001,47.899224597445105,96.78823594047157,0.000224912766080887,47.89942551541296,96.78823302566086,0.023750003398404954,0.00022130447012747527,-0.009569514816822264,2757,2.353599299733351,0.6518290878179432
probe_mismatch,20.0,1,48.36,48.35999999999994,96.00000000000003,0.09500000000000001,47.903209817540144,96.78700101636235,0.0002265528302920466,47.90342211195292,96.78699799415052,0.023750003402733384,0.00022297135127542135,-0.00948608104337483,2757,2.3561262684605695,0.6514794474726687
probe_mismatch,20.0,2,48.36,48.35999999999994,96.00000000000003,0.09500000000000001,47.87668432354226,96.78448957916811,0.00020805803652297795,47.876801869332986,96.78448858496276,0.0237500043174716,0.00020422512227031612,-0.010041941996687362,2756,2.3518973111866845,0.652064947533572
probe_mismatch,20.0,3,48.36,48.35999999999994,96.00000000000003,0.09500000000000001,47.93480305670233,96.78525809406139,0.0002159462636838463,47.93501697298134,96.7852554550495,0.023750004595775098,0.00021227771423382367,-0.00882674513442907,2757,2.35500369133413,0.6516347017503374
probe_mismatch,20.0,4,48.36,48.35999999999994,96.00000000000003,0.09500000000000001,47.90293165064294,96.78475121442158,0.00020271121464445038,47.903080437660236,96.78474887676751,0.023750004676223284,0.00019880120835102238,-0.009493213634244846,2756,2.352088979927756,0.6520383382818304
combined_mismatch,0.0,0,28.36,27.29782871669536,95.81184260434087,0.28905927287035693,26.907539813301714,96.6226376856095,0.0006459194821338628,26.907538140870624,96.62263918317385,0.08603575913746588,0.0006459153209464409,-0.05257322602759216,2757,2.3514366614284077,0.65212876558598
combined_mismatch,0.0,1,28.36,27.2946294989287,95.80984369008824,0.28933106067896897,26.909362778103024,96.61983652463339,0.0006464029961809212,26.90936106253682,96.6198379493145,0.08643577803213515,0.000646399201049752,-0.05250548070246653,2757,2.355956754909692,0.6515028843646734
combined_mismatch,0.0,2,28.36,27.08712082875837,95.83506618549735,0.2853105589104334,26.35575847963602,96.62527851578434,0.0006953091560617998,26.355750763006203,96.6252801684911,0.08624260023899195,0.0006953054650272714,-0.07329320521321335,2755,2.3513606223300205,0.6521393098814855
combined_mismatch,0.0,3,28.36,26.98374684590873,95.82276373143134,0.2887329474122366,25.717127754151328,96.64572550127015,0.0005926146316280093,25.717109698441316,96.6457271752675,0.0854327055919542,0.0005926094661454863,-0.09782318425292963,2758,2.353724261808382,0.6518117852031229
combined_mismatch,0.0,4,28.36,27.29780528004346,95.81184394582779,0.2890590477511054,26.91282791084621,96.62268426729163,0.0006554733693122962,26.9128266224394,96.62268577655354,0.08616820787872016,0.0006554693892561485,-0.052376702588590784,2757,2.3540014662105584,0.6517734049712848
combined_mismatch,2.5,0,30.859999999999996,28.672725711078183,95.83037451785928,0.2882417195311467,28.46446406244369,96.63859096174586,0.0005608961685357599,28.46444613525029,96.6385923210701,0.0855535918788545,0.0005608908435223633,-0.08080504246761884,2756,2.35226852688724,0.6520134552052655
combined_mismatch,2.5,1,30.859999999999996,29.485196193667797,95.78873975577746,0.2900355611816912,29.2552947288879,96.59987707452956,0.0006540995286941041,29.255289506777338,96.59987804252167,0.08752772311570697,0.0006540966759512336,-0.05340045176779867,2759,2.354150811152323,0.6517527307212386
combined_mismatch,2.5,2,30.859999999999996,29.553311013929193,95.8474083272724,0.2885312409434701,28.246105134391335,96.6494815363499,0.0006384896836379623,28.246092500560206,96.64948344696207,0.08663754613528353,0.0006384860181147579,-0.08850571747370005,2756,2.3549395823938264,0.6516435771326288
combined_mismatch,2.5,3,30.859999999999996,29.48494961609403,95.78776239486439,0.2902084513800677,29.285879783927204,96.59784921964695,0.0006464686525083054,29.285874190131548,96.59785024502047,0.08693541335763284,0.0006464652873686406,-0.05235555671599306,2757,2.355076891857475,0.6516245746135075
combined_mismatch,2.5,4,30.859999999999996,29.48515113195895,95.78874350356422,0.2900355774863423,29.278047305512484,96.59855877527508,0.0006524053862252672,29.27804152202171,96.59855982199275,0.08690641240427846,0.000652402030360515,-0.052623047988094425,2759,2.3561685334303433,0.6514736043247261
combined_mismatch,5.0,0,33.36,32.313358347102394,95.79770387236229,0.2929377841597472,31.890849537630697,96.6057256682588,0.0007224842376719772,31.890849409435866,96.60572695241372,0.08981543368343223,0.0007224829940554951,-0.04503846121853895,2759,2.3537063427343927,0.6518142655493836
combined_mismatch,5.0,1,33.36,32.04632677448922,95.81448052870923,0.29230445263795735,31.60850304041533,96.62391546750888,0.0006818485428916738,31.608501027717818,96.62391696256667,0.08899244856967505,0.0006818467723623446,-0.05393147321254701,2758,2.3543333774287056,0.6517274643552851
combined_mismatch,5.0,2,33.36,31.763398957791196,95.83202725459716,0.2859723764562699,31.493892008448398,96.63491222052083,0.0006143950422369918,31.493884748029657,96.63491381740675,0.08667985385091734,0.0006143912715501812,-0.05756418548877925,2756,2.3547421513486815,0.6516708891664833
combined_mismatch,5.0,3,33.36,32.06401452310325,95.7928373131112,0.2918022304412434,31.833318982054877,96.60012295975906,0.0006620863464014027,31.83331503817975,96.60012421831439,0.08811752505566499,0.0006620839549930312,-0.046844193389002815,2759,2.353791839638312,0.6518024275000794
combined_mismatch,5.0,4,33.36,32.046302038146514,95.82862112381376,0.2890300683318066,31.597436084414884,96.63386668541946,0.0006795810690317974,31.59743368127033,96.63386836770597,0.08832023176347535,0.0006795788728659568,-0.05428167281363038,2758,2.3546879334995534,0.6516783919485751
combined_mismatch,10.0,0,38.36,36.843029651706225,95.79771441315144,0.2933924108045108,36.461361305027616,96.60248713421531,0.0007266366339203299,36.461357912674615,96.60248823649484,0.09040101319657096,0.0007266356594675657,-0.05076223755604633,2755,2.3550732529730762,0.651625078034278
combined_mismatch,10.0,1,38.36,36.507633327877095,95.80733233765287,0.294560604967619,36.139248231931234,96.6137614770515,0.0006939893546892091,36.13924294457615,96.61376257430231,0.09106717745391436,0.0006939886091504923,-0.05963591292401904,2757,2.354576389725522,0.6516938274439908
combined_mismatch,10.0,2,38.36,36.841592523836105,95.81735912750194,0.28820990042595906,36.470385604939,96.62102703517337,0.000715373073760641,36.470381426780214,96.6210284404555,0.08913407187040101,0.0007153714650341168,-0.050514786604420235,2757,2.3524632379933412,0.6519864608841333
combined_mismatch,10.0,3,38.36,37.03585323743892,95.8049667119503,0.2929287953156327,36.73153787783201,96.60159528513343,0.000678330148378349,36.73153555869335,96.60159648411368,0.08980781006502968,0.0006783288200544481,-0.04337958439558755,2759,2.355296199258412,0.6515942367267845
combined_mismatch,10.0,4,38.36,36.510028750503984,95.82802647555114,0.28906948778622826,36.11077849396925,96.62726280916831,0.0007020219697342621,36.11077170252455,96.62726426727633,0.0898204379512921,0.0007020206916376045,-0.06042404407290271,2757,2.357056445884635,0.6513508864291839
combined_mismatch,20.0,0,48.36,47.516784633055146,95.8411978364906,0.29310459509803827,46.86045924619003,96.63172881732204,0.0007169902486997849,46.86046180370857,96.63172965425451,0.09289073797959779,0.0007169900408228969,-0.03149873774946359,2754,2.355198497178975,0.6516077527700301
combined_mismatch,20.0,1,48.36,48.497113699700876,95.8010907150322,0.2943563871611447,48.089269360917335,96.59675928728768,0.000685239466385613,48.089279559963664,96.59676016229449,0.09129017661593786,0.0006852387948555541,-0.005613751647140726,2759,2.351426593579755,0.65213016165905
combined_mismatch,20.0,2,48.36,47.503321261657646,95.8209517582095,0.297248721248889,46.79327475376568,96.6192260399614,0.0007180934219326665,46.793275765226156,96.61922641440414,0.09403150303808672,0.0007180933781934651,-0.032933513376194254,2756,2.355547101989776,0.6515595334039228
combined_mismatch,20.0,3,48.36,48.49713824207724,95.80109191130994,0.29435571318976644,48.03047397633505,96.5980067031111,0.0006838703466861299,48.03048520063648,96.59800760471025,0.09111050168132127,0.0006838696070560894,-0.0068371080880614225,2759,2.3551177601855375,0.651618920772568
combined_mismatch,20.0,4,48.36,46.12170502619612,95.7811969202788,0.3006462396334267,45.732502182044065,96.58834391805276,0.0007807649537411811,45.732507408515346,96.58834302643152,0.09755010897651861,0.0007807646748189972,-0.05586365886656119,2756,2.3550906444656405,0.6516226819038511
