f_Hz,Z_real,Z_imag,fit_real,fit_imag,relative_error
1000,0.200000006316534,0.0125663205473145,0.200000006316534,0.0125663205473217,3.56487357296203e-14
1015.49501618072,0.200000006513801,0.0127610358938205,0.200000006513801,0.0127610358938171,1.71567812111987e-14
1031.23012788788,0.200000006717227,0.0129587683580683,0.200000006717227,0.0129587683580823,6.97544105388947e-14
1047.20905540554,0.200000006927007,0.0131595646903602,0.200000006927007,0.0131595646903619,8.55216463108629e-15
1063.43557666364,0.200000007143339,0.0133634723653959,0.200000007143339,0.0133634723653984,1.24912536754216e-14
1079.9135281312,0.200000007366426,0.0135705395934967,0.200000007366426,0.0135705395935091,6.15107913814916e-14
1096.64680572337,0.20000000759648,0.0137808153320048,0.20000000759648,0.0137808153320123,3.70202914638177e-14
1113.63936572258,0.200000007833719,0.0139943492968577,0.200000007833719,0.0139943492968584,3.51516830218265e-15
1130.89522571394,0.200000008078367,0.0142111919743429,0.200000008078368,0.0142111919743328,5.01719981441736e-14
1148.41846553507,0.200000008330656,0.0144313946330348,0.200000008330656,0.0144313946330286,3.09972887191393e-14
1166.21322824077,0.200000008590823,0.0146550093359158,0.200000008590823,0.014655009335911,2.3849623411639e-14
1184.28372108253,0.200000008859116,0.0148820889526862,0.200000008859116,0.0148820889526888,1.31245195640516e-14
1202.63421650326,0.200000009135787,0.015112687172264,0.200000009135787,0.0151126871722767,6.30515263836683e-14
1221.26905314746,0.200000009421099,0.0153468585154789,0.200000009421099,0.0153468585154855,3.27077601544184e-14
1240.19263688699,0.200000009715321,0.0155846583479627,0.200000009715321,0.0155846583479686,2.94274376968574e-14
1259.40944186276,0.200000010018732,0.0158261428932398,0.200000010018732,0.015826142893232,3.89106304643775e-14
1278.92401154258,0.200000010331618,0.0160713692460201,0.200000010331618,0.0160713692460135,3.31477981792348e-14
1298.74095979534,0.200000010654276,0.0163203953856982,0.200000010654276,0.016320395385705,3.37853316252493e-14
1318.86497198193,0.20000001098701,0.0165732801900614,0.20000001098701,0.016573280190066,2.26645397728092e-14
1339.30080606297,0.200000011330136,0.016830083449211,0.200000011330136,0.0168300834492143,1.65774060088995e-14
1360.05329372376,0.200000011683978,0.0170908658796979,0.200000011683978,0.0170908658796947,1.61786395089002e-14
1381.12734151665,0.20000001204887,0.0173556891388786,0.20000001204887,0.0173556891388671,5.72568734842553e-14
1402.52793202108,0.200000012425158,0.0176246158394927,0.200000012425158,0.0176246158394875,2.60792206614778e-14
1424.26012502165,0.200000012813197,0.017897709564467,0.200000012813197,0.0178977095644726,2.75946510849886e-14
1446.32905870441,0.200000013213355,0.0181750348819483,0.200000013213355,0.0181750348819349,6.65474686171856e-14
1468.73995087168,0.20000001362601,0.0184566573605697,0.20000001362601,0.0184566573605665,1.60307152245444e-14
1491.49810017571,0.200000014051552,0.018742643584953,0.200000014051552,0.018742643584936,8.43544047741995e-14
1514.60888737144,0.200000014490383,0.0190330611714519,0.200000014490383,0.0190330611714558,1.91362807054181e-14
1538.07777658872,0.20000001494292,0.0193279787841386,0.20000001494292,0.0193279787841476,4.50320034474607e-14
1561.91031662416,0.200000015409589,0.019627466151038,0.200000015409589,0.0196274661510287,4.63721073666492e-14
1586.11214225308,0.200000015890833,0.0199315940806146,0.200000015890833,0.0199315940806173,1.34475935725966e-14
1610.68897556172,0.200000016387106,0.020240434478513,0.200000016387106,0.0202404344785307,8.83146909374218e-14
1635.64662730016,0.200000016898877,0.0205540603645596,0.200000016898877,0.0205540603645531,3.22869151328229e-14
1660.99099825611,0.200000017426631,0.0208725458900266,0.200000017426631,0.0208725458900219,2.38102695930519e-14
1686.72808065011,0.200000017970867,0.0211959663551642,0.200000017970867,0.0211959663551653,5.40120947424797e-15
1712.86395955225,0.2000000185321,0.0215243982270037,0.2000000185321,0.021524398227001,1.3333136171218e-14
1739.40481432088,0.200000019110859,0.0218579191574374,0.200000019110859,0.0218579191574335,1.91247062976496e-14
1766.3569200636,0.200000019707694,0.0221966080015777,0.200000019707694,0.0221966080015719,2.91379237633965e-14
1793.72664912091,0.200000020323168,0.0225405448364018,0.200000020323168,0.0225405448363887,6.51601644134316e-14
1821.52047257282,0.200000020957863,0.0228898109796839,0.200000020957863,0.0228898109796702,6.79566602546292e-14
1849.74496176885,0.20000002161238,0.0232444890092222,0.20000002161238,0.0232444890092225,1.29967468365511e-15
1878.40678988166,0.200000022287337,0.0236046627823627,0.200000022287337,0.0236046627823612,7.82621391921836e-15
1907.51273348484,0.200000022983374,0.0239704174558263,0.200000022983374,0.0239704174558284,1.04549478766286e-14
1937.06967415512,0.200000023701148,0.0243418395058425,0.200000023701148,0.0243418395058583,7.87827109205717e-14
1967.08460009933,0.200000024441337,0.0247190167485956,0.200000024441337,0.0247190167485911,2.20367816123584e-14
1997.5646078067,0.200000025204644,0.0251020383609875,0.200000025204644,0.025102038360977,5.20670633771773e-14
2028.5169037267,0.200000025991788,0.0254909949017224,0.200000025991788,0.0254909949017232,4.08062480455379e-15
2059.9488059728,0.200000026803515,0.0258859783327177,0.200000026803515,0.025885978332731,6.56500171235697e-14
2091.8677460528,0.200000027640592,0.0262870820408474,0.200000027640592,0.0262870820408523,2.43901701304978e-14
2124.28127062581,0.200000028503812,0.0266944008600216,0.200000028503812,0.0266944008600234,8.95846379022238e-15
2157.19704328655,0.200000029393989,0.0271080310936092,0.200000029393989,0.0271080310936114,1.06613796416493e-14
2190.62284637727,0.200000030311967,0.0275280705372071,0.200000030311967,0.0275280705372083,5.83227145648601e-15
2224.56658282774,0.200000031258614,0.0279546185017625,0.200000031258614,0.0279546185017665,1.97076329072672e-14
2259.03627802373,0.200000032234825,0.0283877758370538,0.200000032234825,0.0283877758370608,3.4367618896159e-14
2294.04008170454,0.200000033241523,0.0288276449555349,0.200000033241523,0.0288276449555411,3.08029104432991e-14
2329.58626988976,0.20000003427966,0.0292743298565493,0.20000003427966,0.0292743298565483,5.08249879361366e-15
2365.68324683608,0.200000035350218,0.0297279361509195,0.200000035350218,0.0297279361509197,1.32122121497436e-15
2402.33954702426,0.20000003645421,0.0301885710859166,0.20000003645421,0.0301885710859082,4.16130038111518e-14
2439.56383717698,0.20000003759268,0.0306563435706184,0.20000003759268,0.0306563435706124,2.97331531656657e-14
2477.36491830793,0.200000038766704,0.0311313642016587,0.200000038766704,0.0311313642016628,2.05689856791672e-14
2515.75172780265,0.200000039977394,0.0316137452893767,0.200000039977394,0.0316137452893912,7.17935264599331e-14
2554.73334153162,0.200000041225893,0.0321036008843713,0.200000041225893,0.0321036008843691,1.06544813977173e-14
2594.31897599607,0.200000042513383,0.0326010468044671,0.200000042513383,0.0326010468044657,6.67869622459141e-15
2634.51799050708,0.200000043841082,0.0331062006620976,0.200000043841082,0.0331062006620897,3.89532109444452e-14
2675.33988939837,0.200000045210244,0.0336191818921135,0.200000045210244,0.0336191818921137,8.98088408840208e-16
2716.79432427352,0.200000046622166,0.0341401117800214,0.200000046622166,0.0341401117800189,1.2756514706353e-14
2758.89109628782,0.200000048078183,0.0346691134906606,0.200000048078183,0.0346691134906507,4.86447722100062e-14
2801.64015846564,0.200000049579671,0.0352063120973233,0.200000049579671,0.0352063120973085,7.2883201141593e-14
2845.05161805361,0.200000051128051,0.0357518346113274,0.200000051128051,0.0357518346113253,1.05883342298438e-14
2889.13573891032,0.200000052724786,0.0363058100120463,0.200000052724787,0.0363058100120384,3.9052476709989e-14
2933.90294393303,0.200000054371389,0.0368683692774049,0.200000054371389,0.0368683692774212,8.0112771836447e-14
2979.36381752192,0.200000056069414,0.0374396454148477,0.200000056069414,0.0374396454148496,9.34496623084112e-15
3025.52910808267,0.20000005782047,0.0380197734927868,0.20000005782047,0.0380197734927847,1.02942912571121e-14
3072.40973056764,0.200000059626211,0.0386088906725378,0.200000059626211,0.0386088906725277,4.96675280404549e-14
3120.01676905658,0.200000061488346,0.0392071362407496,0.200000061488346,0.0392071362407478,8.92016326950431e-15
3168.36147937722,0.200000063408635,0.0398146516423375,0.200000063408635,0.0398146516423381,2.82749942346087e-15
3217.45529176653,0.200000065388895,0.0404315805139265,0.200000065388895,0.0404315805139106,7.80109808120361e-14
3267.30981357319,0.200000067430999,0.0410580687178126,0.200000067430999,0.0410580687178097,1.4344542256598e-14
3317.93683200193,0.200000069536878,0.0416942643764505,0.200000069536879,0.0416942643764457,2.30972943435687e-14
3369.3483169004,0.200000071708525,0.0423403179074757,0.200000071708525,0.0423403179074811,2.62716064915118e-14
3421.55642358924,0.200000073947992,0.0429963820592697,0.200000073947992,0.0429963820592647,2.42188876496112e-14
3474.57349573599,0.200000076257398,0.0436626119470755,0.200000076257398,0.0436626119470844,4.37600808994746e-14
3528.41206827351,0.200000078638927,0.0443391650896736,0.200000078638927,0.0443391650896672,3.14005605576683e-14
3583.08487036365,0.200000081094831,0.0450262014466259,0.200000081094831,0.0450262014466389,6.33965711578367e-14
3638.60482840682,0.200000083627434,0.0457238834560969,0.200000083627434,0.0457238834561053,4.11952143751347e-14
3694.98506909822,0.20000008623913,0.0464323760732606,0.20000008623913,0.0464323760732697,4.43738683353934e-14
3752.2389225314,0.20000008893239,0.0471518468093033,0.20000008893239,0.0471518468093066,1.62770608639698e-14
3810.37992534994,0.200000091709761,0.0478824657710304,0.200000091709761,0.0478824657710177,6.16448477654894e-14
3869.42182394792,0.200000094573869,0.0486244057010869,0.200000094573869,0.0486244057010907,1.87445879385718e-14
3929.37857772002,0.200000097527425,0.049377842018801,0.200000097527425,0.0493778420187994,8.18609576707238e-15
3990.26436236195,0.20000010057322,0.0501429528616617,0.20000010057322,0.0501429528616768,7.30940903813311e-14
4052.09357322209,0.200000103714135,0.0509199191274375,0.200000103714135,0.0509199191274305,3.34876433956196e-14
4114.88082870495,0.200000106953142,0.0517089245169491,0.200000106953142,0.0517089245169444,2.26736116261667e-14
4178.64097372746,0.200000110293304,0.0525101555775049,0.200000110293304,0.0525101555775009,1.90604495225051e-14
4243.38908322877,0.20000011373778,0.0533238017470086,0.20000011373778,0.0533238017470126,1.92093696939117e-14
4309.14046573448,0.200000117289827,0.0541500553987515,0.200000117289827,0.0541500553987575,2.87680411338562e-14
4375.91066697602,0.200000120952805,0.0549891118868984,0.200000120952805,0.0549891118868828,7.49683851489678e-14
4443.71547356619,0.200000124730178,0.055841169592678,0.200000124730178,0.0558411695926821,2.00182013885733e-14
4512.5709167316,0.200000128625519,0.0567064299712903,0.200000128625519,0.0567064299712925,1.05485190642912e-14
4582.49327610299,0.200000132642513,0.0575850975995397,0.200000132642513,0.0575850975995351,2.21044197589489e-14
4653.49908356423,0.200000136784957,0.058477380224207,0.200000136784957,0.058477380224204,1.44189933244777e-14
4725.60512716101,0.200000141056771,0.0593834888111709,0.200000141056771,0.0593834888111786,3.71509184788129e-14
4798.82845507005,0.200000145461995,0.0603036375952904,0.200000145461995,0.0603036375952826,3.74693958170311e-14
4873.18637962985,0.200000150004794,0.0612380441310612,0.200000150004794,0.0612380441310663,2.41176420346665e-14
4948.69648143387,0.200000154689465,0.0621869293440559,0.200000154689465,0.0621869293440582,1.10322513225453e-14
5025.37661348714,0.20000015952044,0.0631505175831624,0.20000015952044,0.0631505175831677,2.54091416478375e-14
5103.24490542733,0.200000164502287,0.0641290366736313,0.200000164502287,0.0641290366736342,1.4008579695171e-14
5182.31976781108,0.200000169639718,0.0651227179709459,0.200000169639718,0.0651227179709508,2.32921824358889e-14
5262.61989646697,0.200000174937591,0.0661317964155268,0.200000174937591,0.066131796415533,2.97133828383728e-14
5344.16427691569,0.200000180400918,0.0671565105882839,0.200000180400918,0.0671565105882763,3.57843343845184e-14
5426.97218885891,0.200000186034866,0.0681971027670305,0.200000186034866,0.068197102767023,3.5596498818631e-14
5511.06321073759,0.200000191844763,0.0692538189837706,0.200000191844763,0.0692538189837677,1.37045878639972e-14
5596.45722436092,0.200000197836104,0.0703269090828745,0.200000197836104,0.0703269090828798,2.50070300388232e-14
5683.17441960709,0.200000204014555,0.0714166267801561,0.200000204014555,0.0714166267801559,7.84171788663441e-16
5771.23529919674,0.200000210385961,0.072523229722866,0.200000210385961,0.0725232297228544,5.45345725184416e-14
5860.66068354052,0.200000216956347,0.0736469795506138,0.200000216956347,0.0736469795506096,1.97296942020358e-14
5951.47171566167,0.200000223731927,0.0747881419572352,0.200000223731927,0.0747881419572352,1.45329729853155e-16
6043.68986619493,0.20000023071911,0.0759469867536175,0.20000023071911,0.075946986753614,1.64773087236887e-14
6137.33693846286,0.200000237924503,0.0771237879314997,0.200000237924503,0.0771237879314981,7.51007206323027e-15
6232.43507363085,0.200000245354923,0.0783188237282603,0.200000245354923,0.0783188237282531,3.37918272169452e-14
6329.00675594203,0.200000253017396,0.0795323766927101,0.200000253017396,0.0795323766927041,2.77902293095058e-14
6427.07481803322,0.200000260919169,0.0807647337519044,0.200000260919169,0.0807647337519057,5.98369044294175e-15
6526.66244633333,0.200000269067716,0.0820161862789912,0.200000269067716,0.0820161862789845,3.06888418750664e-14
6627.79318654535,0.200000277470744,0.0832870301621102,0.200000277470744,0.0832870301621114,5.50886041833915e-15
6730.49094921332,0.2000002861362,0.0845775658743603,0.2000002861362,0.0845775658743548,2.51815218832522e-14
6834.78001537555,0.20000029507228,0.0858880985448522,0.200000295072281,0.0858880985448351,7.82953448186562e-14
6940.68504230544,0.200000304287436,0.0872189380308608,0.200000304287436,0.0872189380308583,1.13222057301341e-14
7048.23106934122,0.200000313790383,0.0885703989910976,0.200000313790383,0.0885703989910809,7.62618176584911e-14
7157.4435238061,0.200000323590108,0.0899428009601174,0.200000323590108,0.0899428009601095,3.57556567596863e-14
7268.34822702005,0.200000333695882,0.0913364684238799,0.200000333695882,0.0913364684238829,1.37603833061768e-14
7380.97140040481,0.20000034411726,0.092751730896481,0.20000034411726,0.0927517308964738,3.27337050947568e-14
7495.33967168349,0.2000003548641,0.0941889229980752,0.2000003548641,0.0941889229980788,1.62589054413909e-14
7611.4800811762,0.200000365946567,0.095648384534004,0.200000365946567,0.0956483845340088,2.16594445442933e-14
7729.42008819323,0.200000377375141,0.0971304605751528,0.200000377375141,0.0971304605751442,3.85747252414362e-14
7849.18757752735,0.200000389160632,0.0986355015395518,0.200000389160632,0.0986355015395546,1.25092830877975e-14
7970.81086604662,0.200000401314187,0.100163863275243,0.200000401314187,0.100163863275249,2.4197052223415e-14
8094.31870938945,0.2000004138473,0.101715907144433,0.2000004138473,0.101715907144431,9.15707509107128e-15
8219.74030876332,0.200000426771824,0.103292000108945,0.200000426771824,0.103292000108944,7.83077768627687e-15
8347.10531784891,0.200000440099985,0.104892514817004,0.200000440099985,0.104892514817003,6.76400079958974e-15
8476.44384981112,0.200000453844387,0.106517829691359,0.200000453844387,0.106517829691356,1.6229750280882e-14
8607.78648441889,0.20000046801803,0.108168329018778,0.20000046801803,0.108168329018781,1.24533500348088e-14
8741.16427527512,0.20000048263432,0.109844403040926,0.20000048263432,0.109844403040924,7.36318544300484e-15
8876.60875715882,0.20000049770708,0.111546448046653,0.20000049770708,0.11154644804666,3.23607461207374e-14
9014.15195348089,0.200000513250565,0.113274866465715,0.200000513250565,0.113274866465709,2.75331392450668e-14
9153.82638385553,0.200000529279478,0.115030066963947,0.200000529279478,0.115030066963953,2.63458349574193e-14
9295.66507178885,0.200000545808977,0.11681246453991,0.200000545808977,0.116812464539912,9.22808235874203e-15
9439.70155248675,0.200000562854697,0.118622480623035,0.200000562854698,0.118622480623031,1.37909565586425e-14
9585.96988078367,0.20000058043276,0.120460543173296,0.20000058043276,0.120460543173294,5.76689837921239e-15
9734.50463919428,0.20000059855979,0.122327086782421,0.20000059855979,0.12232708678242,5.68759102958631e-15
9885.34094608986,0.200000617252932,0.124222552776677,0.200000617252932,0.124222552776679,1.04947379654225e-14
10038.5144640014,0.200000636529866,0.126147389321243,0.200000636529866,0.12614738932124,1.29138778288216e-14
10194.0614080515,0.200000656408824,0.12810205152621,0.200000656408824,0.128102051526213,1.19221422040416e-14
10352.0185545165,0.200000676908608,0.130087001554218,0.200000676908608,0.130087001554223,2.19874374797985e-14
10512.4232495218,0.200000698048605,0.132102708729763,0.200000698048605,0.132102708729768,2.20018666407576e-14
10675.3134178717,0.200000719848811,0.134149649650202,0.200000719848811,0.134149649650197,1.98247383288995e-14
10840.7275720159,0.200000742329844,0.136228308298478,0.200000742329844,0.136228308298492,5.52843864819314e-14
11008.704821155,0.200000765512967,0.138339176157592,0.200000765512967,0.138339176157579,5.02196822608055e-14
11179.2848804875,0.200000789420106,0.140482752326849,0.200000789420106,0.140482752326847,9.42633348201411e-15
11352.5080805995,0.200000814073872,0.142659543639914,0.200000814073872,0.142659543639908,2.46300453992747e-14
11528.4153770001,0.200000839497583,0.144870064784692,0.200000839497583,0.144870064784698,2.42773667788823e-14
11707.0483598048,0.200000865715285,0.147114838425065,0.200000865715285,0.147114838425061,1.65454869850113e-14
11888.4492635684,0.200000892751774,0.14939439532453,0.200000892751774,0.149394395324521,3.73576139663538e-14
12072.660977271,0.200000920632623,0.151709274471738,0.200000920632623,0.151709274471735,1.55903048768805e-14
12259.7270544582,0.2000009493842,0.154060023207996,0.2000009493842,0.154060023208011,5.96983393892006e-14
12449.6917235382,0.200000979033699,0.156447197356732,0.200000979033699,0.156447197356734,6.44915495870852e-15
12642.5998982393,0.200001009609162,0.158871361354982,0.200001009609162,0.158871361354983,1.30398561313153e-15
12838.4971882289,0.200001041139508,0.161333088386909,0.200001041139508,0.161333088386911,8.65198531210936e-15
13037.4299098966,0.200001073654559,0.163832960519391,0.200001073654559,0.163832960519407,6.36621484577425e-14
13239.4450973054,0.200001107185068,0.166371568839722,0.200001107185068,0.166371568839715,2.64591240015234e-14
13444.5905133119,0.200001141762747,0.168949513595439,0.200001141762747,0.168949513595429,3.98619237301842e-14
13652.9146608588,0.200001177420301,0.171567404336329,0.200001177420301,0.171567404336322,2.48584632511423e-14
13864.4667944427,0.200001214191455,0.174225860058626,0.200001214191455,0.174225860058627,2.6160277331329e-15
14079.2969317596,0.200001252110987,0.176925509351461,0.200001252110987,0.176925509351456,1.72548778383806e-14
14297.4558655304,0.200001291214763,0.179666990545569,0.200001291214763,0.179666990545563,2.35382287142002e-14
14518.9951755098,0.200001331539767,0.18245095186432,0.200001331539767,0.182450951864332,4.5828823876336e-14
14743.9672406821,0.200001373124138,0.185278051577076,0.200001373124138,0.185278051577093,6.13892374277476e-14
14972.4252516445,0.200001416007208,0.188148958154945,0.200001416007208,0.188148958154947,1.00068650083249e-14
15204.4232231833,0.200001460229536,0.191064350428937,0.200001460229536,0.191064350428931,2.07719572804033e-14
15440.016007045,0.200001505832949,0.194024917750589,0.200001505832949,0.194024917750589,1.49742181655157e-15
15679.2593049047,0.200001552860578,0.197031360155075,0.200001552860578,0.197031360155073,6.22905014784211e-15
15922.2096815359,0.200001601356904,0.200084388526842,0.200001601356904,0.200084388526847,1.61883954011991e-14
16168.924578184,0.200001651367795,0.203184724767836,0.200001651367795,0.203184724767844,2.72587950809701e-14
16419.4623261478,0.200001702940551,0.206333101968321,0.200001702940552,0.206333101968326,1.62272704010409e-14
16673.8821605701,0.200001756123953,0.209530264580359,0.200001756123953,0.209530264580359,5.82855252192253e-16
16932.2442344435,0.200001810968301,0.212776968593979,0.200001810968301,0.212776968593964,5.26563135236386e-14
17194.6096328321,0.200001867525469,0.216073981716092,0.200001867525469,0.216073981716093,4.52883881501318e-15
17461.0403873139,0.200001925848949,0.219422083552166,0.200001925848949,0.219422083552161,1.80437805850913e-14
17731.5994906475,0.200001985993906,0.222822065790741,0.200001985993906,0.22282206579073,3.68018776478271e-14
18006.3509116651,0.200002048017226,0.226274732390798,0.200002048017226,0.226274732390792,2.00366463306344e-14
18285.359610397,0.200002111977572,0.22978089977204,0.200002111977573,0.229780899772031,2.96115688611573e-14
18568.6915534304,0.200002177935441,0.233341397008134,0.200002177935441,0.233341397008132,4.42626974342322e-15
18856.4137295055,0.200002245953216,0.236957066022946,0.200002245953216,0.236957066022946,2.15012900660818e-15
19148.5941653545,0.200002316095231,0.240628761789835,0.200002316095231,0.240628761789829,1.95154748572048e-14
19445.3019417847,0.20000238842783,0.244357352534031,0.20000238842783,0.244357352534031,1.14604623115332e-15
19746.6072100116,0.200002463019425,0.24814371993817,0.200002463019425,0.248143719938177,2.39491237654771e-14
20052.581208245,0.200002539940569,0.251988759351013,0.200002539940569,0.251988759351015,6.21414537906998e-15
20363.2962785319,0.200002619264017,0.255893379999415,0.200002619264017,0.255893379999414,3.07772691061431e-15
20678.8258838605,0.200002701064796,0.259858505203583,0.200002701064796,0.259858505203589,1.6929421840418e-14
20999.2446255291,0.200002785420276,0.263885072595687,0.200002785420276,0.263885072595691,1.44181171988151e-14
21324.6282607845,0.200002872410245,0.267974034341858,0.200002872410245,0.267974034341862,1.01266862030753e-14
21655.0537207332,0.20000296211698,0.272126357367652,0.20000296211698,0.272126357367632,5.85165808751948e-14
21990.5991285302,0.200003054625332,0.276343023587006,0.200003054625332,0.276343023586996,2.75017420089182e-14
22331.3438178505,0.200003150022799,0.280625030134759,0.200003150022799,0.280625030134757,5.15541180922921e-15
22677.3683516452,0.200003248399612,0.284973389602796,0.200003248399612,0.284973389602783,3.82667134666359e-14
23028.7545411901,0.200003349848822,0.289389130279851,0.200003349848822,0.289389130279865,3.85036591195446e-14
23385.5854654276,0.200003454466384,0.293873296395052,0.200003454466384,0.293873296395063,2.88900651780068e-14
23747.9454906099,0.200003562351252,0.298426948365249,0.200003562351252,0.298426948365247,5.56325123826035e-15
24115.9202902457,0.20000367360547,0.303051163046189,0.20000367360547,0.303051163046177,3.0576248557491e-14
24489.5968653559,0.200003788334268,0.307747033987604,0.200003788334268,0.307747033987596,2.25356157531543e-14
24869.0635650439,0.200003906646165,0.312515671692268,0.200003906646165,0.312515671692267,1.66095480474759e-15
25254.4101073835,0.200004028653068,0.31735820387908,0.200004028653068,0.317358203879074,1.64258794516542e-14
25645.7276006319,0.200004154470378,0.322275775750251,0.200004154470379,0.322275775750256,1.53678871466523e-14
26043.10856477,0.200004284217104,0.327269550262642,0.200004284217104,0.327269550262649,1.91045753724153e-14
26446.6469533772,0.200004418015969,0.332340708403337,0.200004418015969,0.332340708403322,3.86409531230275e-14
26856.4381758455,0.20000455599353,0.3374904494695,0.20000455599353,0.337490449469499,3.67969878349696e-15
27272.5791199367,0.200004698280297,0.342719991352593,0.200004698280297,0.342719991352595,5.03664163414245e-15
27695.16817469,0.200004845010858,0.348030570827024,0.200004845010858,0.348030570827021,7.05321023021861e-15
28124.3052536845,0.200004996324001,0.353423443843287,0.200004996324001,0.353423443843283,8.61213432330848e-15
28560.0918186618,0.200005152362854,0.358899885825679,0.200005152362854,0.358899885825672,1.93203796964788e-14
29002.6309035147,0.200005313275011,0.364461191974652,0.200005313275011,0.364461191974641,2.68390394018879e-14
29452.0271386481,0.200005479212678,0.370108677573874,0.200005479212678,0.370108677573867,1.59662893763531e-14
29908.3867757164,0.200005650332816,0.375843678302089,0.200005650332817,0.375843678302104,3.55961208111298e-14
30371.8177127453,0.200005826797289,0.381667550549829,0.200005826797289,0.381667550549835,1.53309403982494e-14
30842.4295196421,0.200006008773014,0.387581671741077,0.200006008773014,0.387581671741088,2.64736149423102e-14
31320.3334641015,0.200006196432124,0.393587440659941,0.200006196432124,0.393587440659935,1.34538857511103e-14
31805.6425379133,0.200006389952128,0.399686277782429,0.200006389952128,0.399686277782422,1.52771983446891e-14
32298.4714836763,0.200006589516082,0.405879625613399,0.200006589516082,0.405879625613409,2.2082611324552e-14
32798.9368219283,0.200006795312756,0.412168949028776,0.200006795312756,0.412168949028775,3.15037235152852e-15
33307.1568786944,0.200007007536819,0.41855573562311,0.200007007536819,0.418555735623109,2.03782303890605e-15
33823.2518134635,0.20000722638902,0.425041496062555,0.20000722638902,0.425041496062562,1.37100122733753e-14
34347.3436475976,0.20000745207638,0.431627764443382,0.20000745207638,0.431627764443384,4.90096907885352e-15
34879.5562931818,0.200007684812385,0.438316098656068,0.200007684812385,0.43831609865606,1.72827883561239e-14
35420.0155823209,0.200007924817191,0.445108080755105,0.200007924817191,0.445108080755098,1.38784762606952e-14
35968.8492968902,0.20000817231783,0.452005317334566,0.20000817231783,0.452005317334574,1.68461800860077e-14
36526.1871987473,0.200008427548427,0.459009439909564,0.200008427548427,0.459009439909565,1.99640703102093e-15
37092.1610604118,0.20000869075042,0.466122105303665,0.20000869075042,0.466122105303661,7.98999459672952e-15
37666.9046962206,0.200008962172788,0.473344996042375,0.200008962172788,0.473344996042378,5.83567283880988e-15
38250.5539939661,0.200009242072291,0.480679820752778,0.200009242072291,0.480679820752769,1.61001313549711e-14
38843.246947024,0.200009530713706,0.488128314569434,0.200009530713706,0.488128314569423,2.16786551468332e-14
39445.1236869798,0.200009828370084,0.495692239546644,0.200009828370084,0.495692239546642,2.70064536998179e-15
40056.3265167599,0.200010135323005,0.503373385077158,0.200010135323005,0.50337338507714,3.30001885032627e-14
40676.9999442772,0.200010451862844,0.511173568317463,0.200010451862844,0.511173568317467,7.07980257608371e-15
41307.2907165968,0.200010778289051,0.519094634619731,0.200010778289051,0.519094634619719,2.13544925211832e-14
41947.3478546321,0.200011114910426,0.527138457970542,0.200011114910426,0.52713845797053,2.16606618579572e-14
42597.3226883778,0.20001146204542,0.535306941436496,0.20001146204542,0.535306941436481,2.545083771465e-14
43257.3688926894,0.200011820022431,0.543602017616816,0.200011820022431,0.543602017616806,1.82089110909724e-14
43927.642523617,0.200012189180116,0.552025649103068,0.200012189180116,0.552025649103065,5.10562060369124e-15
44608.3020553012,0.200012569867713,0.560579828946085,0.200012569867713,0.560579828946075,1.75340307697841e-14
45299.5084174424,0.200012962445371,0.569266581130255,0.200012962445371,0.569266581130258,3.86509671379575e-15
46001.4250333492,0.20001336728449,0.578087961055246,0.20001336728449,0.578087961055232,2.25053673819667e-14
46714.217858577,0.200013784768074,0.587046056025319,0.200013784768074,0.587046056025322,5.01421814034519e-15
47438.0554201652,0.200014215291092,0.596142985746345,0.200014215291092,0.596142985746333,1.97750942067871e-14
48173.1088564824,0.200014659260855,0.605380902830641,0.200014659260855,0.605380902830639,3.65785630130737e-15
48919.5519576891,0.200015117097399,0.614761993309764,0.200015117097399,0.614761993309756,1.21933554051952e-14
49677.5612068269,0.200015589233883,0.624288477155387,0.200015589233883,0.624288477155396,1.40567920711001e-14
50447.3158215453,0.200016076117001,0.633962608808391,0.200016076117001,0.633962608808396,7.0145179731387e-15
51228.9977964739,0.200016578207402,0.643786677716306,0.200016578207402,0.643786677716307,8.2446231498444e-16
52022.7919462522,0.200017095980131,0.653763008879232,0.200017095980131,0.653763008879217,2.24098507559743e-14
52828.8859492254,0.200017629925075,0.663893963404394,0.200017629925075,0.663893963404391,5.28395355461922e-15
53647.470391818,0.200018180547426,0.674181939069453,0.200018180547426,0.674181939069435,2.63654623621857e-14
54478.7388135937,0.200018748368165,0.684629370894733,0.200018748368165,0.684629370894726,9.65104975022626e-15
55322.8877530154,0.200019333924551,0.6952387317245,0.200019333924551,0.695238731724501,1.23727068882949e-15
56180.1167939124,0.200019937770631,0.706012532817454,0.200019937770631,0.706012532817446,1.07424155842894e-14
57050.6286126687,0.200020560477765,0.716953324446567,0.200020560477765,0.716953324446578,1.44684156757892e-14
57934.6290261421,0.200021202635167,0.728063696508444,0.200021202635167,0.72806369650845,7.20541542611167e-15
58832.327040326,0.200021864850467,0.739346279142349,0.200021864850467,0.739346279142353,5.79807419011995e-15
59743.9348997651,0.200022547750279,0.750803743359061,0.200022547750279,0.750803743359057,4.42965559742725e-15
60669.6681377367,0.200023251980803,0.76243880167973,0.200023251980803,0.762438801679714,2.00007456234794e-14
61609.7456272097,0.200023978208431,0.774254208784887,0.200023978208431,0.774254208784896,1.06907544223243e-14
62564.3896325932,0.200024727120383,0.786252762173791,0.200024727120383,0.786252762173802,1.46426176514172e-14
63533.8258622869,0.200025499425356,0.798437302834272,0.200025499425356,0.79843730283428,1.0385912115464e-14
64518.2835220459,0.200026295854197,0.810810715923264,0.200026295854197,0.810810715923267,4.3890938540734e-15
65517.9953691721,0.200027117160594,0.823375931458193,0.200027117160594,0.823375931458202,9.82723611757191e-15
66533.1977675456,0.200027964121793,0.836135925019407,0.200027964121793,0.83613592501942,1.43342800797618e-14
67564.1307435086,0.200028837539332,0.849093718463837,0.200028837539332,0.849093718463848,1.3108962606521e-14
68611.0380426153,0.200029738239804,0.862252380650079,0.200029738239804,0.862252380650084,5.01710508222941e-15
69674.1671872615,0.200030667075639,0.875615028175092,0.200030667075639,0.875615028175098,6.79850055067944e-15
70753.7695352061,0.200031624925911,0.889184826122701,0.200031624925911,0.889184826122715,1.62017488076546e-14
71850.1003390009,0.200032612697176,0.902964988824125,0.200032612697176,0.902964988824131,6.24251336362774e-15
72963.4188063398,0.200033631324326,0.916958780630716,0.200033631324326,0.916958780630715,1.54038705691805e-15
74093.9881613445,0.200034681771481,0.931169516699129,0.200034681771482,0.931169516699129,9.39813304007546e-16
75242.0757067984,0.200035765032902,0.945600563789141,0.200035765032902,0.945600563789149,8.38530823657331e-15
76407.952887346,0.200036882133931,0.960255341074324,0.200036882133931,0.96025534107433,5.77263862772073e-15
77591.8953536709,0.200038034131969,0.975137320965812,0.200038034131969,0.975137320965828,1.59490775915655e-14
78794.1830276686,0.200039222117476,0.990250029949378,0.200039222117476,0.990250029949387,8.79233163983735e-15
80015.1001686287,0.200040447215005,1.00559704943605,0.200040447215005,1.00559704943606,6.28185328708654e-15
81254.9354404433,0.200041710584274,1.02118201662652,0.200041710584274,1.02118201662651,4.26799723030814e-15
82513.9819798562,0.200043013421261,1.03700862538956,0.200043013421262,1.03700862538956,3.57656676674508e-15
83792.5374657696,0.200044356959345,1.05308062715474,0.200044356959345,1.05308062715475,8.49322819694778e-15
85090.9041896251,0.200045742470471,1.06940183181963,0.200045742470471,1.06940183181963,1.22562774907135e-15
86409.3891268752,0.200047171266361,1.08597610867183,0.200047171266362,1.08597610867184,1.26682811037484e-14
87748.304009562,0.200048644699763,1.10280738732597,0.200048644699763,1.10280738732597,2.21495657537428e-16
89107.9654000207,0.200050164165727,1.11989965867614,0.200050164165727,1.11989965867616,2.04943683215281e-14
90488.6947657248,0.200051731102938,1.13725697586376,0.200051731102938,1.13725697586376,1.98211424814226e-16
91890.8185552917,0.200053346995081,1.15488345526149,0.200053346995081,1.15488345526149,2.08442801893968e-15
93314.6682756653,0.200055013372247,1.17278327747311,0.200055013372247,1.17278327747309,1.54908987575851e-14
94760.580570495,0.20005673181239,1.19096068835004,0.20005673181239,1.19096068835003,3.12647498283237e-15
96228.897299729,0.20005850394283,1.20942000002442,0.20005850394283,1.20942000002443,5.79701144858247e-15
97719.9656204409,0.20006033144179,1.22816559195944,0.20006033144179,1.22816559195944,4.6408266915837e-15
99234.1380689087,0.200062216040003,1.24720191201688,0.200062216040003,1.24720191201688,6.85657270430869e-15
100771.772643966,0.20006415952235,1.26653347754239,0.20006415952235,1.2665334775424,3.11893221983355e-15
102333.232891644,0.200066163729559,1.28616487646889,0.200066163729559,1.28616487646888,5.97123653392689e-15
103918.887991125,0.200068230559958,1.30610076843815,0.200068230559958,1.30610076843816,6.38587245888493e-15
105529.11284203,0.200070361971278,1.32634588594122,0.200070361971278,1.32634588594122,1.3257587313947e-15
107164.288153054,0.200072559982519,1.34690503547783,0.200072559982519,1.34690503547782,4.72909628193007e-15
108824.80053198,0.200074826675869,1.36778309873525,0.200074826675869,1.36778309873527,8.83499613850465e-15
110511.042577087,0.200077164198685,1.3889850337869,0.200077164198685,1.3889850337869,9.51220013419169e-16
112223.412969966,0.200079574765542,1.41051587631113,0.200079574765542,1.41051587631113,9.38405205502423e-16
113962.316569792,0.200082060660337,1.43238074083057,0.200082060660337,1.43238074083058,9.67229588543765e-15
115728.164509033,0.200084624238466,1.45458482197238,0.200084624238467,1.45458482197237,6.35200646881338e-15
117521.374290665,0.20008726792907,1.47713339574993,0.20008726792907,1.47713339574993,3.57583749147058e-15
119342.369886879,0.200089994237346,1.50003182086616,0.200089994237346,1.50003182086616,1.47139084289482e-15
121191.581839321,0.200092805746938,1.52328554003922,0.200092805746938,1.52328554003923,2.02730330482766e-15
123069.447360888,0.200095705122396,1.54690008135069,0.200095705122396,1.54690008135069,3.56000308472069e-15
124976.410439097,0.200098695111722,1.57088105961689,0.200098695111723,1.57088105961689,2.10683612289268e-15
126912.921941059,0.200101778548989,1.59523417778381,0.200101778548989,1.5952341777838,7.73486343418028e-15
128879.439720078,0.200104958357041,1.61996522834598,0.200104958357041,1.61996522834598,1.77137771927556e-15
130876.428723902,0.200108237550289,1.64508009478986,0.200108237550289,1.64508009478986,9.4030087031948e-16
132904.361104653,0.200111619237583,1.67058475306233,0.200111619237583,1.67058475306232,1.98395733455121e-15
134963.716330458,0.200115106625184,1.69648527306455,0.200115106625184,1.69648527306455,9.19124879217525e-16
137054.981298808,0.200118703019825,1.72278782017203,0.200118703019825,1.72278782017202,7.17059664742137e-15
139178.650451681,0.20012241183187,1.74949865678117,0.20012241183187,1.74949865678117,1.48699239431582e-16
141335.22589244,0.200126236578574,1.77662414388301,0.200126236578574,1.77662414388301,5.02810620076932e-16
143525.217504549,0.200130180887445,1.80417074266467,0.200130180887445,1.80417074266468,4.77215230746605e-15
145749.143072123,0.200134248499716,1.83214501613912,0.200134248499716,1.83214501613912,1.92816364104751e-15
148007.528402351,0.200138443273919,1.86055363080382,0.20013844327392,1.86055363080383,3.20656644235203e-15
150300.907449813,0.200142769189584,1.88940335832896,0.200142769189584,1.88940335832897,2.69048418478002e-15
152629.822442725,0.200147230351042,1.9187010772758,0.200147230351042,1.91870107727581,9.26307296519911e-16
154994.824011135,0.200151830991363,1.94845377484588,0.200151830991363,1.94845377484589,4.19559824854018e-15
157396.471317115,0.200156575476407,1.97866854866172,0.200156575476408,1.97866854866172,1.68054621806719e-16
159835.332186961,0.200161468309011,2.00935260857974,0.200161468309012,2.00935260857973,3.0814008959528e-15
162311.983245449,0.200166514133305,2.0405132785361,0.200166514133305,2.04051327853609,7.14871908264178e-15
164827.010052161,0.200171717739169,2.0721579984262,0.200171717739169,2.0721579984262,1.2843530114189e-15
167381.007239939,0.200177084066829,2.10429432601857,0.200177084066829,2.10429432601858,1.26607366009902e-15
169974.578655466,0.200182618211601,2.13692993890404,0.200182618211601,2.13692993890405,1.8658286679919e-15
172608.337502043,0.200188325428785,2.17007263648087,0.200188325428785,2.17007263648087,2.40303925241983e-16
175282.906484564,0.200194211138717,2.20373034197677,0.200194211138718,2.20373034197678,3.212617721545e-15
177998.917956746,0.200200280931981,2.23791110450861,0.200200280931981,2.23791110450861,2.37568766412828e-15
180757.014070635,0.200206540574785,2.27262310118074,0.200206540574785,2.27262310118075,3.70043289687971e-15
183557.846928438,0.200212996014514,2.30787463922287,0.200212996014514,2.30787463922289,6.71116045725597e-15
186402.078736692,0.200219653385457,2.34367415816836,0.200219653385458,2.34367415816837,5.6653822037791e-15
189290.381962836,0.20022651901472,2.38003023207395,0.20022651901472,2.38003023207395,5.67519143471925e-16
192223.439494205,0.200233599428323,2.41695157178203,0.200233599428323,2.41695157178204,3.48183903722742e-15
195201.94479948,0.200240901357497,2.45444702722631,0.200240901357498,2.4544470272263,2.528287152698e-15
198226.602092656,0.200248431745187,2.49252558978206,0.200248431745187,2.49252558978205,7.22763944865946e-16
201298.12649953,0.200256197752751,2.53119639466212,0.200256197752751,2.53119639466212,2.62734366573734e-15
204417.244226788,0.200264206766886,2.57046872335966,0.200264206766887,2.57046872335967,3.27610239165627e-15
207584.6927337,0.200272466406777,2.61035200613898,0.200272466406777,2.610352006139,4.24293073763005e-15
210801.220906478,0.200280984531461,2.6508558245756,0.200280984531462,2.65085582457561,4.51308487560784e-15
214067.589235339,0.200289769247452,2.69198991414677,0.200289769247453,2.69198991414677,2.30766448054316e-15
217384.569994308,0.200298828916589,2.73376416687396,0.20029882891659,2.73376416687396,1.14290811820156e-15
220752.947423808,0.200308172164153,2.77618863401846,0.200308172164153,2.77618863401846,1.28512533521926e-15
224173.517916081,0.200317807887238,2.81927352883155,0.200317807887238,2.81927352883155,2.43928244999764e-16
227647.090203479,0.200327745263396,2.86302922936089,0.200327745263396,2.86302922936089,7.88988332116518e-16
231174.485549675,0.200337993759563,2.90746628131431,0.200337993759563,2.90746628131433,5.18374366357978e-15
234756.537943836,0.20034856314127,2.95259540098292,0.200348563141271,2.95259540098291,2.55545220407038e-15
238394.094297805,0.200359463482159,2.99842747822483,0.200359463482159,2.99842747822484,3.40251450765774e-15
242088.014646337,0.200370705173799,3.0449735795115,0.200370705173799,3.04497357951149,1.75400115104191e-15
245839.17235044,0.200382298935834,3.09224495103813,0.200382298935834,3.09224495103813,3.20458200446375e-16
249648.454303864,0.200394255826448,3.14025302190015,0.200394255826449,3.14025302190015,8.63212745027332e-16
253516.761142794,0.200406587253183,3.18900940733761,0.200406587253184,3.18900940733762,2.36786178732098e-15
257445.007458784,0.200419304984102,3.23852591204937,0.200419304984103,3.23852591204936,2.05940014629566e-15
261434.122015003,0.200432421159319,3.2888145335791,0.20043242115932,3.28881453357909,3.7792545813936e-15
265485.047965817,0.20044594830291,3.33988746577539,0.20044594830291,3.33988746577539,1.90794347680351e-16
269598.743079786,0.200459899335207,3.3917571023278,0.200459899335208,3.39175710232779,1.71042321473839e-15
273776.179966108,0.200474287585508,3.44443604038146,0.200474287585509,3.44443604038146,5.44415531371009e-16
278018.346304578,0.200489126805189,3.49793708423236,0.200489126805189,3.49793708423235,2.15497337368246e-16
282326.245079104,0.200504431181259,3.55227324910578,0.20050443118126,3.55227324910579,2.62839881438983e-15
286700.894814846,0.200520215350361,3.60745776502057,0.200520215350362,3.60745776502057,4.15756250808649e-16
291143.329819028,0.200536494413231,3.66350408074167,0.200536494413232,3.66350408074168,2.18563125358438e-15
295654.600425482,0.200553283949637,3.72042586782382,0.200553283949637,3.72042586782383,3.10551508705403e-15
300235.773242978,0.200570600033814,3.77823702474917,0.200570600033815,3.77823702474917,1.18913067906376e-15
304887.931407408,0.200588459250415,3.83695168116191,0.200588459250416,3.83695168116192,3.93617283337899e-15
309612.174837871,0.200606878710984,3.8965842022028,0.200606878710985,3.89658420220281,2.9674761010393e-15
314409.620496731,0.200625876070983,3.95714919294704,0.200625876070984,3.95714919294705,2.80887089912655e-15
319281.402653702,0.200645469547389,4.01866150294864,0.20064546954739,4.01866150294863,2.6569337653285e-15
324228.673154023,0.200665677936878,4.08113623089488,0.200665677936879,4.08113623089488,1.96689329575877e-15
329252.601690797,0.200686520634615,4.14458872937444,0.200686520634615,4.14458872937443,6.74792350895275e-16
334354.376081539,0.200708017653679,4.20903460976302,0.20070801765368,4.20903460976302,1.9101722730281e-15
339535.202549016,0.200730189645142,4.27448974723035,0.200730189645143,4.27448974723035,1.06232521154526e-15
344796.306006437,0.200753057918823,4.34097028587264,0.200753057918824,4.34097028587265,2.66586738193505e-15
350138.930347058,0.200776644464743,4.40849264397488,0.200776644464744,4.40849264397488,8.38003936773493e-16
355564.338738285,0.200800971975309,4.47707351940737,0.20080097197531,4.47707351940739,4.96111422353382e-15
361073.81392032,0.200826063868249,4.54672989516103,0.20082606386825,4.54672989516104,1.00729806495117e-15
366668.658509449,0.200851944310332,4.61747904502657,0.200851944310333,4.61747904502658,1.93665160723596e-15
372350.195306015,0.200878638241889,4.68933853942232,0.20087863824189,4.68933853942231,1.72108673658665e-15
378119.767607175,0.200906171402183,4.76232625137619,0.200906171402184,4.76232625137619,7.88147884526657e-16
383978.739524497,0.200934570355639,4.83646036266716,0.200934570355641,4.83646036266715,2.03623571032944e-15
389928.496306481,0.200963862518985,4.91175937013208,0.200963862518987,4.91175937013209,1.82375729359828e-15
395970.444666072,0.20099407618932,4.98824209214375,0.200994076189322,4.98824209214376,3.3903752672098e-15
402106.013113259,0.20102524057316,5.06592767526661,0.201025240573161,5.06592767526661,2.68253669803769e-16
408336.652292813,0.201057385816484,5.14483560109656,0.201057385816486,5.14483560109656,5.76202934694562e-16
414663.83532727,0.201090543035834,5.22498569329163,0.201090543035835,5.22498569329163,2.76024146983428e-16
421089.058165224,0.201124744350486,5.30639812480085,0.201124744350487,5.30639812480085,5.63359569320942e-16
427613.839935017,0.201160022915761,5.38909342529865,0.201160022915762,5.38909342529865,3.31954717923901e-16
434239.723303909,0.201196412957495,5.47309248883259,0.201196412957496,5.47309248883258,8.5742659559538e-16
440968.274842813,0.201233949807724,5.55841658169262,0.201233949807726,5.55841658169263,2.73056768900183e-15
447801.085396685,0.201272669941636,5.64508735051044,0.201272669941638,5.64508735051044,1.4445194528384e-15
454739.77046065,0.201312611015819,5.73312683059781,0.201312611015821,5.73312683059781,6.86030070909481e-16
461785.970561953,0.201353811907885,5.82255745453312,0.201353811907887,5.82255745453311,1.40551785613574e-15
468941.351647839,0.201396312757495,5.91340206100617,0.201396312757497,5.91340206100617,6.73425507443708e-16
476207.60547943,0.201440155008861,6.00568390393116,0.201440155008863,6.00568390393116,9.37772731774612e-16
483586.450031714,0.20148538145477,6.09942666183873,0.201485381454772,6.09942666183873,3.50051485627028e-16
491079.629899731,0.201532036282203,6.19465444755825,0.201532036282205,6.19465444755824,9.15175715179174e-16
498688.916711048,0.201580165119598,6.29139181820203,0.2015801651196,6.29139181820203,6.43290771169641e-16
506416.10954463,0.201629815085838,6.38966378546386,0.20162981508584,6.38966378546387,2.38303517654117e-15
514263.0353562,0.201681034841026,6.48949582624458,0.201681034841028,6.48949582624459,6.40784294751391e-16
522231.549410189,0.201733874639119,6.59091389361842,0.201733874639121,6.59091389361843,7.51094553156957e-16
530323.535718381,0.201788386382498,6.69394442815404,0.2017883863825,6.69394442815405,1.24334643954163e-15
538540.907485353,0.201844623678563,6.79861436960521,0.201844623678565,6.79861436960522,1.35111811098472e-15
546885.607560816,0.201902641898421,6.9049511689867,0.201902641898423,6.9049511689867,3.57416526238025e-16
555359.608898973,0.201962498237767,7.01298280105162,0.201962498237769,7.01298280105163,9.5209815951655e-16
563964.915024979,0.202024251780042,7.12273777718738,0.202024251780045,7.1227377771874,1.90446119716782e-15
572703.560508648,0.202087963561976,7.2342451587482,0.202087963561979,7.2342451587482,5.17978759372992e-16
581577.611445484,0.202153696641601,7.347534570843,0.202153696641604,7.34753457084299,1.14997802323341e-15
590589.165945175,0.202221516168851,7.46263621659849,0.202221516168854,7.46263621659849,7.05462530845278e-16
599740.354627652,0.202291489458864,7.57958089191824,0.202291489458867,7.57958089191824,4.05317786013745e-16
609033.341126836,0.202363686068086,7.69840000075939,0.202363686068089,7.6984000007594,1.32808438902917e-15
618470.322602193,0.202438177873324,7.81912557095015,0.202438177873327,7.81912557095016,9.90137202671852e-16
628053.530258207,0.202515039153851,7.94179027057196,0.202515039153854,7.94179027057196,4.56758999945375e-16
637785.229871915,0.202594346676723,8.06642742493172,0.202594346676726,8.06642742493174,2.23795095979307e-15
647667.722328603,0.202676179785436,8.19307103415058,0.20267617978544,8.19307103415058,4.63575745349355e-16
657703.344165812,0.202760620492074,8.32175579139737,0.202760620492078,8.32175579139737,4.68242537747246e-16
667894.468125774,0.202847753573112,8.45251710179596,0.202847753573116,8.45251710179595,9.42535269544382e-16
678243.503716394,0.20293766666904,8.5853911020375,0.202937666669044,8.58539110203751,1.1200063244347e-15
688752.897780947,0.203030450387976,8.72041468073018,0.20303045038798,8.72041468073018,4.35929232757225e-16
699425.135076579,0.203126198413461,8.85762549952051,0.203126198413465,8.85762549952052,7.46246931105458e-16
710262.738861791,0.203225007616626,8.99706201502251,0.20322500761663,8.9970620150225,1.45133208834165e-15
721268.271493015,0.203326978172939,9.13876350159246,0.203326978172943,9.13876350159246,7.37938960875088e-16
732444.335030437,0.203432213683745,9.28277007498933,0.203432213683749,9.28277007498933,7.3762869257101e-16
743793.571853209,0.203540821302828,9.42912271696302,0.203540821302832,9.42912271696301,8.85323676778119e-16
755318.665284188,0.203652911868244,9.57786330081472,0.203652911868249,9.57786330081472,4.72249010194769e-16
767022.340224364,0.203768600039668,9.72903461797627,0.203768600039672,9.72903461797628,1.71294681014758e-15
778907.363797112,0.203888004441525,9.88268040565773,0.20388800444153,9.88268040565774,1.18609494257643e-15
790976.546002428,0.204011247812208,10.0388453756153,0.204011247812212,10.0388453756153,8.63476540587993e-16
803232.740381304,0.204138457159651,10.1975752440944,0.204138457159656,10.1975752440944,5.27562109921833e-16
815678.844690394,0.20426976392361,10.3589167630059,0.204269763923615,10.3589167630059,1.46297643920648e-15
828317.80158714,0.20440530414496,10.5229177523964,0.204405304144965,10.5229177523964,5.43735779819156e-16
841152.599325509,0.204545218642383,10.6896271342776,0.204545218642389,10.6896271342776,9.81010855429901e-16
854186.272462511,0.204689653196815,10.8590949678825,0.204689653196821,10.8590949678825,1.11847774396664e-15
867421.902575664,0.204838758744058,11.0313724864208,0.204838758744064,11.0313724864208,7.28893269590851e-16
880862.618991584,0.204992691575971,11.2065121354089,0.204992691575977,11.2065121354089,6.38871893758263e-16
894511.599525848,0.205151613550707,11.3845676126568,0.205151613550713,11.3845676126568,8.37262943455764e-16
908372.07123434,0.205315692312451,11.5655939099942,0.205315692312458,11.5655939099942,6.46311025684911e-16
922447.311176228,0.205485101521191,11.7496473568293,0.205485101521198,11.7496473568293,5.73938389947353e-16
936740.647188763,0.205660021093032,11.9367856656323,0.205660021093039,11.9367856656323,8.35142472600178e-16
951255.458674088,0.20584063745165,12.1270679794472,0.205840637451658,12.1270679794472,1.18077874411266e-15
965995.177398239,0.206027143791479,12.3205549215371,0.206027143791486,12.3205549215371,1.05091966414478e-15
980963.288302519,0.206219740353277,12.5173086472767,0.206219740353285,12.5173086472767,6.68487579271441e-16
996163.330327456,0.206418634712775,12.7173928984128,0.206418634712783,12.7173928984128,6.77794189151631e-16
1011598.89724952,0.206624042083114,12.9208730598189,0.206624042083122,12.9208730598189,1.14624089110872e-15
1027273.63853079,0.206836185631875,13.1278162188792,0.206836185631883,13.1278162188792,8.3371826419205e-16
1043191.26018185,0.207055296813519,13.3382912276458,0.207055296813528,13.3382912276459,7.58690695522571e-16
1059355.52563795,0.207281615718129,13.5523687679206,0.207281615718138,13.5523687679206,7.60685076288029e-16
1075770.25664885,0.207515391437396,13.7701214194229,0.207515391437405,13.7701214194229,7.13363631938819e-16
1092439.33418236,0.207756882448857,13.9916237312155,0.207756882448866,13.9916237312155,9.27555221926297e-16
1109366.69934196,0.208006357019466,14.2169522965699,0.208006357019475,14.2169522965699,1.10737744186618e-15
1126556.35429862,0.208264093629646,14.446185831466,0.208264093629656,14.446185831466,7.85507922385754e-16
1144012.36323696,0.208530381419052,14.6794052569311,0.208530381419063,14.6794052569311,6.95738090509393e-16
1161738.85331626,0.208805520655365,14.9166937854384,0.208805520655376,14.9166937854384,1.09297471574489e-15
1179740.01564616,0.209089823227513,15.158137011598,0.209089823227524,15.158137011598,7.27212852732696e-16
1198020.10627764,0.20938361316484,15.4038230073898,0.209383613164852,15.4038230073898,1.46240930876637e-15
1216583.44720924,0.209687227183839,15.653842422203,0.209687227183851,15.653842422203,7.54976674781499e-16
1235434.42740894,0.210001015264159,15.9082885879647,0.210001015264171,15.9082885879647,1.0070534371564e-15
1254577.50385185,0.21032534125577,16.1672576296592,0.210325341255782,16.1672576296592,7.91575721217613e-16
1274017.202574,0.210660583519262,16.4308485815608,0.210660583519274,16.4308485815608,8.86252879437987e-16
1293758.1197424,0.211007135601422,16.6991635095218,0.211007135601435,16.6991635095218,1.15733605825454e-15
1313804.92274174,0.21136540694839,16.9723076396844,0.211365406948404,16.9723076396844,8.20235863525173e-16
1334162.35127793,0.211735823658863,17.2503894940085,0.211735823658877,17.2503894940085,9.06604438473281e-16
1354835.21849869,0.212118829280009,17.5335210330344,0.212118829280023,17.5335210330344,1.1506168378756e-15
1375828.41213153,0.212514885648951,17.8218178063305,0.212514885648966,17.8218178063305,8.2535965153621e-16
1397146.8956394,0.212924473782912,18.1153991111062,0.212924473782927,18.1153991111062,8.57685497162306e-16
1418795.70939417,0.213348094821335,18.4143881595052,0.21334809482135,18.4143881595052,1.02836644340748e-15
1440779.97186836,0.21378627102357,18.7189122551317,0.213786271023586,18.7189122551317,8.5697696067979e-16
1463104.88084532,0.214239546826001,19.0291029794016,0.214239546826017,19.0291029794016,1.27749682289872e-15
1485775.7146481,0.214708489962781,19.3450963883537,0.214708489962798,19.3450963883538,1.03897588111199e-15
1508797.83338749,0.21519369265471,19.6670332206051,0.215193692654728,19.6670332206051,8.932830655993e-16
1532176.68022926,0.215695772871131,19.9950591171825,0.215695772871149,19.9950591171825,9.22277747072396e-16
1555917.78268113,0.216215375670133,20.3293248540197,0.216215375670151,20.3293248540197,9.81744300087194e-16
1580026.75389964,0.216753174622802,20.6699865879687,0.216753174622821,20.6699865879687,9.86930039457506e-16
1604509.29401728,0.217309873327721,21.0172061172393,0.217309873327741,21.0172061172393,1.15486994533863e-15
1629371.19149019,0.217886207022462,21.3711511572513,0.217886207022482,21.3711511572513,1.00586129548121e-15
1654618.32446673,0.218482944299385,21.7319956329604,0.218482944299406,21.7319956329604,1.01813953707585e-15
1680256.66217725,0.219100888933694,22.0999199888042,0.219100888933716,22.0999199888042,9.85231097128489e-16
1706292.26634544,0.219740881832399,22.4751115175043,0.219740881832421,22.4751115175043,1.03373121500377e-15
1732731.2926215,0.220403803113583,22.8577647090618,0.220403803113606,22.8577647090618,9.94443684062033e-16
1759579.99203751,0.221090574326233,23.2480816213895,0.221090574326257,23.2480816213895,1.10698102992133e-15
1786844.71248539,0.221802160821807,23.6462722741482,0.221802160821831,23.6462722741483,1.06218409220629e-15
1814531.90021778,0.222539574289716,24.0525550674771,0.222539574289741,24.0525550674771,1.04096968225723e-15
1842648.10137209,0.223303875470064,24.4671572274578,0.22330387547009,24.4671572274578,1.13505263083317e-15
1871199.96351821,0.224096177058168,24.8903152803021,0.224096177058194,24.8903152803021,1.09064589978626e-15
1900194.23723029,0.224917646816813,25.3222755574272,0.22491764681684,25.3222755574272,1.3603605826119e-15
1929637.77768268,0.225769510913673,25.7632947337685,0.225769510913701,25.7632947337685,1.10994214828242e-15
1959537.5462708,0.226653057503018,26.2136404018863,0.226653057503046,26.2136404018863,1.16188512583023e-15
1989900.61225698,0.227569640572697,26.6735916846501,0.227569640572727,26.6735916846501,1.10087650242524e-15
2020734.15444193,0.228520684079453,27.1434398895313,0.228520684079483,27.1434398895313,1.36257451865781e-15
2052045.46286193,0.229507686397897,27.6234892078144,0.229507686397928,27.6234892078143,1.29259675428905e-15
2083841.94051254,0.230532225111072,28.1140574623341,0.230532225111104,28.1140574623341,1.13529820337689e-15
2116131.10509884,0.231595962173334,28.6154769076868,0.231595962173367,28.6154769076868,1.24670690357759e-15
2148920.59081287,0.232700649479481,29.1280950872298,0.232700649479514,29.1280950872298,1.36799221505235e-15
2182218.15013859,0.233848134877587,29.6522757515965,0.233848134877621,29.6522757515965,1.30695454406892e-15
2216031.65568484,0.235040368666985,30.1883998439055,0.235040368667021,30.1883998439055,1.17902182278009e-15
2250369.10204666,0.236279410627244,30.7368665573489,0.23627941062728,30.7368665573489,1.18561187772487e-15
2285238.60769546,0.237567437628982,31.2980944714045,0.237567437629019,31.2980944714045,1.21240013017512e-15
2320648.4168985,0.238906751882936,31.8725227735362,0.238906751882974,31.8725227735362,1.22221513286207e-15
2356606.9016681,0.240299789889975,32.4606125739467,0.240299789890014,32.4606125739467,1.2286678792871e-15
2393122.56374104,0.241749132161812,33.0628483217126,0.241749132161852,33.0628483217126,1.21805185423586e-15
2430204.03658865,0.243257513790134,33.679739331503,0.243257513790175,33.679739331503,1.22623334157509e-15
2467860.08745804,0.244827835950862,34.3118214310419,0.244827835950905,34.3118214310419,1.38117317303961e-15
2506099.61944494,0.246463178440426,34.9596587405613,0.246463178440469,34.9596587405613,1.48281388969411e-15
2544931.67359873,0.248166813352438,35.6238455967019,0.248166813352483,35.6238455967019,1.48067370854186e-15
2584365.43105997,0.249942220016262,36.3050086346799,0.249942220016307,36.3050086346798,1.38374148007877e-15
2624410.21523113,0.251793101333768,37.0038090440716,0.251793101333815,37.0038090440716,1.38142743495151e-15
2665075.49398097,0.25372340166753,37.7209450152933,0.253723401667577,37.7209450152932,1.38197042129255e-15
2706370.88188304,0.255737326452959,38.4571543957972,0.255737326453008,38.4571543957971,1.46581887497933e-15
2748306.14248884,0.257839363728934,39.2132175772107,0.257839363728984,39.2132175772107,1.45839046702825e-15
2790891.19063627,0.260034307806681,39.9899606371309,0.260034307806732,39.9899606371309,1.54883107755049e-15
2834136.0947938,0.262327285325597,40.7882587621145,0.262327285325649,40.7882587621144,1.88438568637322e-15
2878051.07944099,0.264723783977937,41.6090399816125,0.26472378397799,41.6090399816125,1.74409455901739e-15
2922646.52748585,0.267229684222557,42.4532892462502,0.26722968422261,42.4532892462502,1.9683234527252e-15
2967932.98271977,0.269851294352064,43.3220528880173,0.269851294352119,43.3220528880172,1.82235653689054e-15
3013921.15231029,0.272595389328802,44.2164435046947,0.272595389328858,44.2164435046946,1.91924101245653e-15
3060621.90933275,0.275469253864251,45.1376453162887,0.275469253864307,45.1376453162886,2.01204664672148e-15
3108046.29534092,0.278480730285203,46.0869200474951,0.278480730285261,46.086920047495,2.10620918279714e-15
3156205.52297764,0.281638271810104,47.0656133973995,0.281638271810163,47.0656133973995,1.95485516414989e-15
3205110.97862585,0.284951001952362,48.0751621658992,0.284951001952421,48.0751621658991,1.81149309113807e-15
3254774.22510065,0.288428780876772,49.1171021158895,0.288428780876832,49.1171021158895,2.24073463786863e-15
3305207.00438317,0.292082279663457,50.1930766613265,0.292082279663517,50.1930766613264,1.9692340016676e-15
3356421.2403967,0.295923063584554,51.3048464841106,0.295923063584615,51.3048464841104,2.39308441963335e-15
3408429.04182595,0.299963685676902,52.4543001976768,0.299963685676963,52.4543001976768,2.00364681106584e-15
3461242.70497987,0.304217792104446,53.6434661925892,0.304217792104508,53.6434661925891,2.18346722500992e-15
3514874.71669893,0.30870024105391,54.8745258198036,0.308700241053972,54.8745258198035,2.13608745306561e-15
3569337.75730737,0.313427237204539,56.1498280911487,0.313427237204601,56.1498280911486,2.08652687408108e-15
3624644.70361129,0.318416484167693,57.471906104652,0.318416484167754,57.4719061046519,2.14352491696154e-15
3680808.6319431,0.323687357717219,58.8434954354693,0.323687357717281,58.8434954354692,2.3026778140529e-15
3737842.82125319,0.329261103142666,60.2675547723616,0.329261103142727,60.2675547723614,2.3492121809595e-15
3795760.75624948,0.335161060673872,61.7472891261826,0.335161060673931,61.7472891261825,2.39187101435643e-15
3854576.1305857,0.341412923671984,63.2861759922388,0.341412923672043,63.2861759922386,2.32665085136358e-15
3914302.85009893,0.348045035189239,64.8879949145817,0.348045035189297,64.8879949145816,2.16041566508225e-15
3974955.03609744,0.355088729607018,66.5568609796985,0.355088729607074,66.5568609796984,2.69446714405668e-15
4036547.0286994,0.362578727418513,68.2972628626495,0.362578727418567,68.2972628626493,2.61616703747285e-15
4099093.39022332,0.370553592892167,70.1141061642323,0.370553592892218,70.1141061642321,2.73259869438759e-15
4162608.9086311,0.37905626641664,72.0127629179521,0.379056266416688,72.0127629179519,2.2696592865318e-15
4227108.60102434,0.388134685892702,73.9991283164428,0.388134685892746,73.9991283164426,2.56656511608107e-15
4292607.71719486,0.39784251473913,76.0796859161582,0.39784251473917,76.079685916158,3.03327541964505e-15
4359121.74323026,0.408239998097475,78.2615828364206,0.40823999809751,78.2615828364204,2.75964000553754e-15
4426666.40517533,0.419394973889778,80.5527167868791,0.419394973889807,80.5527167868789,2.84546027213963e-15
4495257.67275016,0.431384071815774,82.9618371524422,0.431384071815796,82.961837152442,2.92441485125391e-15
4564911.76312592,0.444294141587287,85.4986628581175,0.444294141587302,85.4986628581172,3.16262261173642e-15
4635645.1447591,0.458223962245315,88.1740203559019,0.458223962245321,88.1740203559017,2.90184653555532e-15
4707474.54128521,0.473286298044589,91.000005858929,0.473286298044585,91.0000058589287,3.27962313947155e-15
4780416.93547274,0.489610384150652,93.9901769437655,0.489610384150638,93.9901769437652,3.32984441124205e-15
4854489.57323846,0.507344948691574,97.1597799162236,0.507344948691548,97.1597799162233,2.93814843413697e-15
4929709.96772492,0.526661908505149,100.526020978805,0.526661908505109,100.526020978804,3.27651485897362e-15
5006095.90344106,0.547760916975026,104.108391371116,0.547760916974969,104.108391371116,3.59039597179078e-15
5083665.4404671,0.570874997549659,107.929059446562,0.570874997549585,107.929059446561,3.23319013441208e-15
5162436.91872449,0.596277571454224,112.013346333376,0.59627757145413,112.013346333375,3.03490722922709e-15
5242428.96231206,0.624291290789292,116.390306734538,0.624291290789176,116.390306734538,3.56047555004388e-15
5323660.48390936,0.655299230444869,121.093443016565,0.655299230444728,121.093443016565,3.59482934073329e-15
5406150.68924818,0.689759191511883,126.161589693297,0.689759191511715,126.161589693297,3.63102362666177e-15
5489919.08165347,0.728222151396097,131.640017705347,0.728222151395899,131.640017705346,3.57024710041822e-15
5574985.46665452,0.77135630166434,137.581824971131,0.771356301664109,137.581824971131,3.52519062395401e-15
5661369.9566676,0.819978705804722,144.049703700312,0.819978705804453,144.049703700312,3.83706846953403e-15
5749092.97575119,0.87509748330795,151.118209196767,0.87509748330764,151.118209196766,3.48666382349891e-15
5838175.2644349,0.93796874068794,158.87670440987,0.937968740687585,158.87670440987,3.35325192964284e-15
5928637.88462318,1.01017448123501,167.433227308804,1.0101744812346,167.433227308803,3.50925883545579e-15
6020502.22457504,1.09373086357482,176.919637086911,1.09373086357437,176.919637086911,3.32738007282292e-15
6113790.00396087,1.19124118186175,187.498561316237,1.19124118186124,187.498561316236,3.47904667197353e-15
6208523.27899775,1.30611610529433,199.37292488183,1.30611610529375,199.372924881829,3.45098550015136e-15
6304724.44766418,1.44289739228186,212.799253967717,1.44289739228121,212.799253967717,3.50406413554308e-15
6402416.2549957,1.60774488254206,228.106623217839,1.60774488254134,228.106623217839,3.29551835026919e-15
6501621.79846255,1.80918859656202,245.72425106554,1.80918859656124,245.72425106554,3.21574288114021e-15
6602364.53343063,2.05932545721362,266.222727493706,2.05932545721277,266.222727493706,3.1926700137827e-15
6704668.27870713,2.37578990419083,290.377435908645,2.37578990418993,290.377435908645,3.15051930064156e-15
6808557.22217204,2.78513064920954,319.269481434983,2.78513064920863,319.269481434983,3.00035159290578e-15
6914055.92649695,3.3288742716651,354.452830912923,3.32887427166426,354.452830912924,3.27300007916999e-15
7021189.3349524,4.07503963539501,398.244558100158,4.07503963539443,398.24455810016,4.52629354973053e-15
7129982.77730537,5.14154235965035,454.258770688168,5.14154235965053,454.258770688171,5.64563822986231e-15
7240461.97580795,6.74797504848864,528.461707485596,6.74797504849152,528.461707485601,1.1108755744241e-14
7352653.05127897,9.3433436761927,631.456710403157,9.34334367620709,631.456710403154,2.32128936038943e-14
7466582.52927973,13.970660413575,784.074376410983,13.970660413568,784.07437641098,9.7427693367441e-15
7582277.34638558,23.5478560061914,1033.61427783443,23.5478560061851,1033.61427783444,1.08744877324903e-14
7699764.85655452,49.1095193838135,1515.40308970202,49.109519383812,1515.40308970205,1.74240540145223e-14
7819072.83759455,167.015472251228,2834.50209640858,167.015472251265,2834.5020964087,4.29430961433895e-14
7940229.49773128,8575.1369568899,18797.3400501039,8575.13695689737,18797.3400501066,3.84672180964492e-13
8063263.48227724,279.045976390223,-3774.51242634459,279.045976390329,-3774.51242634428,8.45144421191289e-14
8188203.88040451,57.8564940407201,-1749.13342558082,57.8564940407593,-1749.13342558076,4.31411529214436e-14
8315080.23202239,23.7079047485763,-1137.40300064695,23.7079047485983,-1137.40300064692,3.09987206200664e-14
8443922.53476154,12.6097116591913,-842.449374305496,12.6097116592062,-842.44937430548,2.58043639548115e-14
8574761.25106639,7.70628626420862,-668.823298321829,7.7062862642198,-668.823298321819,2.23214407818701e-14
8707627.31539745,5.1347966987691,-554.419409487545,5.13479669877799,-554.419409487538,2.08387704422051e-14
8842552.14154519,3.62929652944938,-473.338314614936,3.62929652945674,-473.338314614932,1.84672993562801e-14
8979567.63005727,2.67745762751569,-412.860320107623,2.67745762752194,-412.860320107619,1.79511540602884e-14
9118706.17578085,2.04050721391284,-366.008412845134,2.04050721391827,-366.008412845132,1.66806645079474e-14
9260000.67552179,1.59524727178257,-328.636211012913,1.59524727178736,-328.636211012911,1.57847823763023e-14
9403484.53582245,1.27301995906278,-298.124693548103,1.27301995906705,-298.124693548101,1.55051889784298e-14
9549191.68086014,1.0331756890416,-272.738252536659,1.03317568904546,-272.738252536658,1.49101265726427e-14
9697156.56046784,0.850443047842404,-251.281195050271,0.850443047845901,-251.28119505027,1.43237944544104e-14
9847414.15827924,0.708465540975006,-232.902952197574,0.7084655409782,-232.902952197573,1.40485853850248e-14
10000000,0.596292897143453,-216.981943279258,0.596292897146386,-216.981943279257,1.3768664049108e-14
