frequency_hz,Y11_real_s,Y11_imag_s,Y12_real_s,Y12_imag_s,Y22_real_s,Y22_imag_s
10000.0,1.0771342815312783,-1.3713568364709356,4.307610356967265,-5.341932893948346,17.234148504499913,-21.941750736712493
10297.819839234799,1.0386873104462886,-1.3614013544436823,4.153875300963308,-5.306261276016,16.618996967140006,-21.782464255856297
10604.50934413376,1.0008054477799257,-1.350450907860175,4.002397667388237,-5.266489818459553,16.01288716447823,-21.60725837877868
10920.332670937145,0.963540048068408,-1.3385461914181702,3.8533830460172527,-5.222784768267983,15.416640769093789,-21.416784221736393
11245.561842982046,0.9269387252441472,-1.3257308370140262,3.7070220544294568,-5.17532402113844,14.831019603905602,-21.21173989619612
11580.476985000214,0.8910451706437046,-1.3120510214047636,3.563489610596787,-5.124295555002897,14.256722730298534,-20.992864231428683
11925.366564393718,0.855899017170775,-1.297555065462646,3.422944390061547,-5.069895829842975,13.694384274731576,-20.76093036258277
12280.527639696096,0.8215357490916952,-1.2822930309110054,3.2855284656140076,-5.012328177350395,13.144571985466214,-20.516739278460435
12646.266116433351,0.7879866561523832,-1.2663163201195387,3.1513671242275603,-4.951801202747706,12.607786498437164,-20.261113418241905
13022.897010605016,0.7552788300023119,-1.2496772841204287,3.0205688531953236,-4.888527219417096,12.084461280036038,-19.994890399744833
13410.74472001199,0.7234352003063522,-1.2324288435046196,2.8932254849931525,-4.822720734976727,11.574963204900584,-19.718916953765472
13810.143303665252,0.6924746074275072,-1.2146241262912607,2.7694124884026454,-4.7545970051787485,11.079593718839007,-19.434043129991892
14221.436769515964,0.6624119081767033,-1.196316126254458,2.649189391879816,-4.684370669567051,10.598590530826101,-19.14111683023239
14644.979370754474,0.633258110849809,-1.1775573845602985,2.5326003240518644,-4.612254480309322,10.132129773595722,-18.84097871460925
15081.135910933948,0.6050205356034155,-1.1583996969337162,2.419674655548982,-4.538458133082765,9.68032856965332,-18.534457516229963
15530.282058181197,0.5777029961525826,-1.1388938479552086,2.310427726105344,-4.463187206415924,9.243247938439978,-18.22236578993602
15992.804668765059,0.5513059987966815,-1.119089373497303,2.204861640954818,-4.386642213527823,8.82089598074539,-17.905496111287647
16469.10212030154,0.5258269548825854,-1.0990343517614471,2.102966120959473,-4.309017768508673,8.413231278119824,-17.58461773315554
16959.58465488251,0.501260402985872,-1.0787752228768355,2.004719391594246,-4.230501866690065,8.02016644777229,-17.260473699303134
17464.674732423115,0.4775982373176064,-1.05835663658047,1.9100890968193762,-4.151275277283657,7.6415717970799335,-16.933778407269614
17984.807394532945,0.4548299391340658,-1.037821327115684,1.819033224950413,-4.071511044838297,7.277279026143177,-16.60521560674718
18520.43063922377,0.4329428082277591,-1.0172100141664746,1.7315010348403574,-3.991374094787333,6.927084931642163,-16.275436814532526
19072.00580677706,0.4119221918982099,-0.9965613283866128,1.6474339719683952,-3.9110209373226903,6.590755070369262,-15.945060122993652
19640.007977103007,0.3917517091309346,-0.9759117598832256,1.5667665653496674,-3.8305994630365547,6.268027346092744,-15.61466937580937
20224.926378934066,0.37241346804301445,-0.9552956278711449,1.489427297500425,-3.7502488231969253,5.958615488685851,-15.284813682439989
20827.264811205045,0.353888274976744,-0.9347450696218651,1.4153394409850466,-3.6700993871541563,5.662212399625403,-14.956007241312804
21447.542076982412,0.3361558339323838,-0.914290046784684,1.3444218563096095,-3.590272769189654,5.378493342915476,-14.628729440962033
22086.292430317215,0.3191949353222052,-0.8939583671509306,1.2765897470914331,-3.5108819170920778,5.107118965152456,-14.30342520825829
22744.0660364062,0.30298363329754885,-0.8737757199604861,1.211755369511872,-3.4320312548590772,4.847738132757787,-13.980505573314773
23421.42944545701,0.2874994111455509,-0.853765722906358,1.1498286940395996,-3.3538168721485717,4.599990578325656,-13.660348421562375
24118.966080666483,0.2727193344714349,-0.8339499790724618,1.0907180182883287,-3.276326753421851,4.363509351539598,-13.343299404756465
24837.27674073185,0.25862019207535925,-0.8143481421375647,1.0343305306454773,-3.199641040111132,4.1379230732021774,-13.029672984241785
25576.980117327344,0.24517862459953932,-0.7949779882885277,0.9805728249749802,-3.123832319585344,3.9228579935888526,-12.719753581566735
26338.7133279927,0.23237124116310515,-0.7758554934054738,0.9293513672645481,-3.0489659351659477,3.717939858605668,-12.41379681344776
27123.13246489212,0.22017472431962237,-0.7569949142058068,0.8805729155574428,-2.9751003119413864,3.5227955891096983,-12.11203079007663
27930.913159915955,0.20856592376748884,-0.7384088721603286,0.8341448948899314,-2.9022872936341906,3.337054780275306,-11.814657457780186
28762.751166612627,0.19752193931796636,-0.7201084391200361,0.7899757292538396,-2.8305724862762136,3.1603510290826655,-11.521853969051293
29619.362959451737,0.1870201936817013,-0.7021032237146958,0.7479751328279126,-2.759995604937452,2.992323098902144,-11.23377406492935
30501.486350933843,0.17703849567407204,-0.6844014577020916,0.7080543628795867,-2.6905908202245894,2.8326159307797667,-10.950549456589854
31409.881127079534,0.16755509446467465,-0.667010081558312,0.6701264368387766,-2.622387101712232,2.680881511429078,-10.672291194792251
32345.329701844632,0.15854872550874188,-0.6499348287043856,0.6341063160950431,-2.5554085558885653,2.536779608133811,-10.39909101750856
33308.63779102462,0.1499986488000753,-0.6331803078615246,0.5999110590767495,-2.4896747565855213,2.399978380794769,-10.131022667610011
34300.63510622986,0.1418846800779553,-0.6167500831163699,0.5674599461422923,-2.425201066219898,2.2701548812404795,-9.86814317391407
35322.17606952875,0.13418721560613278,-0.6006467513586728,0.5366745787560085,-2.3619989464959583,2.146995449690909,-9.610494090190059
36374.140549373784,0.1268872511217528,-0.5848720168267736,0.5074789553404367,-2.300076257511788,2.0301960179403924,-9.358102687889911
37457.43461844556,0.11996639552738886,-0.5694267625613807,0.479799526097749,-2.2394375444722154,1.9194623284300985,-9.11098309941194
38572.9913340669,0.11340687987118792,-0.5543111186256309,0.4535652289806333,-2.180084311441004,1.8145100779303895,-8.86913740962489
39721.77154185861,0.10719156212977943,-0.5395245270000082,0.4287075088713282,-2.1220152817673137,1.7150649940673386,-8.632556694189859
40904.7647033303,0.10130392827653367,-0.5250658031042277,0.40516032189936724,-2.0652266449956933,1.6208628524148523,-8.401222003914107
42122.98974811861,0.09572809008508565,-0.5109331939359141,0.3828601266978465,-2.0097122902194537,1.531649441351096,-8.175105294973193
43377.49595160599,0.09044878008513257,-0.4971244328476545,0.3617458642663688,-1.9554640259646134,1.4471804813512268,-7.954170305347752
44669.36383867753,0.08545134405491772,-0.4836367910107269,0.3417589279784701,-1.9024717867981684,1.367221504867132,-7.738373378246493
45999.706114393004,0.08072173140300004,-0.4704671256358708,0.32284312514405844,-1.8507238269428092,1.291547702435751,-7.527664233642739
47369.66862237666,0.07624648376107301,-0.45761192503919723,0.3049446314140252,-1.8002069012511557,1.2199437401641786,-7.321986689332633
48780.43133174875,0.07201272208012122,-0.44506735065564307,0.28801193919631657,-1.7509064339497133,1.152203553268163,-7.12127933315486
50233.209353451304,0.06800813249409055,-0.4328292761131345,0.27199580114026245,-1.7028066756057398,1.088130119890847,-6.925476148181154
51729.253986840595,0.06422095118878984,-0.42089332348872777,0.25684916964013116,-1.6558908488027602,1.0275352190051459,-6.734507092818937
53269.85379745028,0.06063994848884574,-0.40925489687349526,0.2425271332093285,-1.6101412830323438,0.9702391758051014,-6.5482986378540815
54856.33572685196,0.05725441235241613,-0.39790921337649676,0.22898685048410283,-1.565539539323978,0.9160705976212391,-6.366774262519016
56490.066235570084,0.05405413144180382,-0.3868513316996518,0.21618748252944464,-1.5220665251409105,0.8648661030503844,-6.189854911695178
58172.45248003403,0.05102937791832063,-0.37607617841558083,0.2040901240406569,-1.4797026000707305,0.8164700466735386,-6.0174594163636925
59904.943524583796,0.0481708900914975,-0.36557857207927924,0.1926577339610359,-1.4384276728345489,0.7707342414431837,-5.84950487939691
61689.031589569924,0.04546985503607387,-0.3553532453022954,0.1818550659694941,-1.3982212901300968,0.7275176805551489,-5.685907028750464
63526.25333662554,0.042917891275001285,-0.34539486491505444,0.1716485992311112,-1.3590627178116783,0.686686260376657,-5.526580540065922
65418.1911922157,0.040507031612932565,-0.3356980503393119,0.16200646974857172,-1.3209310148953524,0.6481125057821466,-5.3714393306352655
67366.4747106054,0.03822970619220062,-0.3262573902884254,0.15289840260256693,-1.2838051008606415,0.6116752990489385,-5.220396826611111
69372.78197741817,0.03607872583209498,-0.3170674579086108,0.14429564532444747,-1.2476638167017666,0.5772596132856607,-5.073366205272453
71438.84105499656,0.03404726570218872,-0.3081228244694445,0.1361709026041875,-1.2124859801618928,0.5447562512054756,-4.930260614078769
73566.4314708085,0.032128849371481,-0.29941807170678847,0.12849827250078383,-1.178250435563568,0.5140615899123655,-4.790993368162955
75757.3857501799,0.03031733326714675,-0.2909478029162591,0.12125318429028713,-1.144936098628103,0.4850773322411226,-4.655478127833099
78013.59099467647,0.028606891569583404,-0.2827066528900699,0.11441233805828162,-1.112521996655767,0.4577102650781004,-4.52362905756863
80336.99050749287,0.026992001564206308,-0.2746892967850625,0.1079536461186609,-1.08098730441822,0.43187202498993926,-4.395360967915387
82729.58546724777,0.025467429464944596,-0.26689045800454303,0.10185617631854063,-1.0503113760942189,0.40747887139949457,-4.270589441602031
85193.43665162932,0.024028216719582662,-0.2593049151716702,0.09610009726993336,-1.02047377355981,0.3844514674713051,-4.149230945121335
87730.66621237416,0.022669666802907773,-0.25192750826728094,0.09066662553206191,-0.9914542913248904,0.362714668801968,-4.031202926942772
90343.45950310727,0.021387332500010098,-0.24475314400037318,0.08553797475372042,-0.9632329783894346,0.3421973199529105,-3.9164239034477433
93034.06696162016,0.020177003678950464,-0.23777680047500382,0.0806973067725962,-0.9357901572746475,0.3228320588131002,-3.804813533607792
95804.80604820709,0.019034695549363448,-0.23099353121304178,0.0761286846578281,-0.9091064404671714,0.30455512873667967,-3.6962926833566456
98658.06324172691,0.017956637401295855,-0.22439846858815238,0.0718170276730484,-0.8831627444981164,0.2873061983643841,-3.5907834805421928
101596.29609511347,0.016939261816686618,-0.2179868267224525,0.06774806812955275,-0.85794030186305,0.2710281890072317,-3.48820936128158
104622.03535210324,0.01597919434431805,-0.21175390389363558,0.06390831009293685,-0.8334206709742755,0.2556671094457199,-3.388495108483742
107737.88712700133,0.0150732436277774,-0.2056950844968346,0.06028498990139244,-0.8095857443229435,0.2411718979772397,-3.2915668832485387
110946.53514936737,0.014218391974924749,-0.19980584060223605,0.05686603844965236,-0.7864177550151379,0.22749427152753454,-3.1973522497975893
114250.74307555139,0.013411786356541597,-0.1940817331463376,0.05364004518932111,-0.7638992818339122,0.21458858162909578,-3.1057801945440993
117653.3568690731,0.012650729821211543,-0.1885184127918702,0.05059622379379894,-0.742013252967517,0.2024116770592459,-3.016781139861454
121157.30725189103,0.011932673313019074,-0.18311162048866225,0.0477243794341763,-0.720742948533232,0.19092277292332183,-2.930286953067135
124765.61222867896,0.011255207878345552,-0.177857187765196,0.04501487761122207,-0.7000720020160128,0.18008332596340804,-2.8462309510981143
128481.3796862766,0.010616057247851363,-0.17275103677821502,0.04245861448784605,-0.6799844007316784,0.1698569158700518,-2.7645479013153142
132307.81007055982,0.010013070779660647,-0.16778918014557231,0.04004698866611131,-0.6604644854155287,0.16020913237322332,-2.6851740188402626
136248.1991430318,0.009444216749778862,-0.16296772058539644,0.037771874352933985,-0.641496949029012,0.15110746788898644,-2.608046960793123
140305.94081951265,0.008907575975869352,-0.1582828503827748,0.035625595858991346,-0.623066834869417,0.1425212154999369,-2.5331058177714123
144484.5300933678,0.008401335760681368,-0.15373085070337544,0.03360090337601679,-0.605159534060494,0.13442137205003846,-2.460291102880058
148787.56604580002,0.007923784141635054,-0.14930809077176577,0.0316909499785203,-0.5877607824952151,0.12678054613798972,-2.3895447385969177
153218.75494578973,0.007473304433340669,-0.14501102693068635,0.029889269797051015,-0.5708566572959503,0.11957287079753032,-2.3208100417340116
157781.91344236085,0.0070483700501240976,-0.14083620159609733,0.028189757311305862,-0.5544335728514681,0.1127739206578473,-2.2540317067314355
162480.9718519168,0.006647539595970961,-0.13678024212154027,0.02658664771273931,-0.5384782764851843,0.10636063338268242,-2.189155787500857
167319.97754348197,0.006269452209651527,-0.1328398595841349,0.025074498287735378,-0.5229778438040512,0.1003112351923301,-2.1261296780153813
172303.09842475862,0.005912823153167296,-0.12901184750344186,0.02364817077391406,-0.5079196737732179,0.0946051702787819,-2.064902091825843
177434.62653201056,0.005576439632043476,-0.1252930805033602,0.022302814643677928,-0.4932914835573299,0.08922303393040742,-2.005423040665967
182718.98172685556,0.00525915683639043,-0.12168051292633808,0.02103385127069845,-0.47908130316570535,0.0841465091889364,-1.9476438122951265
188160.7155031594,0.004959894192055149,-0.11817117740826188,0.019836958936635504,-0.46527746993505237,0.07935830686788348,-1.891516947712299
193764.51490730455,0.004677631811587795,-0.11476218342162614,0.018708058636995917,-0.4518686228802426,0.07484210876801056,-1.8369962178629535
199535.20657521478,0.004411407135149415,-0.11145071579382448,0.017643300646643413,-0.4388436969407396,0.07058251393185133,-1.7840365999485623
205477.76088960565,0.004160311751885085,-0.10823403320677139,0.0166390518070634,-0.42619191714755206,0.06656498778568176,-1.7325942534376164
211597.2962610525,0.003923488392679985,-0.10510946668338594,0.015691883499058402,-0.41390279273311764,0.0627758140236171,-1.682626495867229
217899.083536551,0.0037001280856038717,-0.10207441806598316,0.014798560266101112,-0.4019661112043134,0.05920204909472182,-1.634091778515554
224388.55053937755,0.0034894674657259712,-0.09912635849102691,0.013956029055080307,-0.3903719323966395,0.05583147916004949,-1.5869496620167194
231071.2867441538,0.0032907862313537872,-0.0962628268642689,0.013161409042657259,-0.37911058252576274,0.05265257939246287,-1.5411607919823762
237953.048091146,0.003103404739109642,-0.09348142833986561,0.012411982016892918,-0.36817264825092094,0.04965447549785845,-1.496686874687537
245039.76194393955,0.0029266817306062946,-0.09077983280664026,0.011705183285196567,-0.3575489707630023,0.04682690734197559,-1.453490652871352
252337.53219476677,0.00276001218382365,-0.0881557733843309,0.0110385930810076,-0.3472306399087588,0.04416019457242437,-1.4115358816981214
259852.6445218819,0.002602825282614695,-0.08560704493230609,0.010409928442927102,-0.33720898836123103,0.04164520413077974,-1.370787304918684
267591.57180350635,0.002454582498085587,-0.0831315025729627,0.009817035541283105,-0.32747558584533604,0.039273319554663455,-1.331210631267151
275560.9796930165,0.002314775775897584,-0.08072706023170934,0.009257882428323462,-0.3180222334263537,0.0370364119745735,-1.2927725111237658
283767.7323601723,0.0021829258238330283,-0.0783916891952286,0.008730552189408962,-0.3088409578681997,0.0349268127149413,-1.255440513470952
292218.8984033253,0.0020585804942468786,-0.07612341668945732,0.008233236473695192,-0.2999240060673332,0.03293728741335372,-1.2191831031654612
300921.7569377095,0.0019413132562956462,-0.07392032447852925,0.007764229383874914,-0.2912638395674174,0.031061011576217518,-1.1839696185467714
309883.8038650537,0.0018307217530938776,-0.07178054748574797,0.007321921705582609,-0.2828531291590572,0.029291547493262238,-1.1497702493986486
319112.7583299095,0.0017264264391948624,-0.06970227243746974,0.006904795458052088,-0.27468474956828176,0.027622822437230576,-1.1165560152780802
328616.5693682682,0.0016280692940290106,-0.06768373653064624,0.006511418748562668,-0.2667517742368283,0.02604910807889277,-1.0842987442235597
338403.4227541824,0.001535312607158534,-0.0657232261246179,0.006140440914111173,-0.25904747019671887,0.024565001051120666,-1.052971051852218
348481.748050298,0.001447837831422688,-0.0638190754576421,0.00579058793460878,-0.25156529304113384,0.023165404599211487,-1.0225463208535306
358860.22586835746,0.0013653445002529616,-0.06196966538851828,0.005460658102722685,-0.2442988819931388,0.02184551125792994,-0.9929986808855524
369547.7953459452,0.0012875492056333296,-0.06017342216357735,0.005149517936264763,-0.23724205507340923,0.020600786498872384,-0.9643029888777619
380553.6618458956,0.001214184633366885,-0.05842881620920687,0.004856098319774595,-0.2303888043677372,0.019426953294731833,-0.9364348097435036
391887.30488501146,0.0011449986524873857,-0.056734360950006,0.004579390862652706,-0.22373329139477013,0.018319977549882543,-0.9093703975034471
403558.4862989119,0.0010797534558232933,-0.05508861165259704,0.004318444461875876,-0.21726984257417634,0.017276054349404116,-0.8830866768205219
415577.25865005,0.0010182247488813448,-0.05349016429504061,0.00407236205796447,-0.21099294479510555,0.01629159498121735,-0.8575612249455586
427953.97388612875,0.0009602009843698084,-0.051937654461762794,0.0038402975734838475,-0.20489724108465895,0.0153632146884565,-0.832772254072184
440699.29225639475,0.0009054826398256265,-0.050429756263838166,0.0036214530239378644,-0.1989775263758146,0.014487721111502441,-0.808698594098483
453824.1914934637,0.0008538815359471381,-0.048965181284436554,0.003415075791462907,-0.19322874337411602,0.013662103381305565,-0.7853196757923913
467339.9762686083,0.0008052201933641352,-0.047542677549188284,0.003220456052250401,-0.18764597852223083,0.012883521827705968,-0.7626155143569928
481258.28792863846,0.0007593312257008385,-0.046161028521210457,0.0030369243491214816,-0.18222445806139492,0.012149298268440079,-0.7405666933915116
495591.11452277063,0.0007160567669041379,-0.044819052120481595,0.00286384930114435,-0.1769595441885915,0.011456906846391599,-0.7191543492431762
510350.80112810625,0.0006752479309207202,-0.04351559976724434,0.002700635442629718,-0.17184673130823186,0.010803965384424699,-0.6983601557447834
525550.0604826385,0.0006367643019116864,-0.04224955544908365,0.0025467211842599485,-0.16688164237700207,0.010188227228817084,-0.6781663093323411
541201.9839349164,0.0006004734532931572,-0.04101983481131005,0.002401576889506474,-0.16206002534047204,0.009607573553908046,-0.6585555145370106
557320.0527198216,0.0005662504939853907,-0.03982538427026733,0.0022647030598669142,-0.15737774965998447,0.009060006102083691,-0.6395109698451806
573918.1495701551,0.0005339776403425543,-0.03866518014915776,0.002135628622810909,-0.15283080292829332,0.008543640334652075,-0.6210163539202993
591010.5706740468,0.000503543812319705,-0.037538227835983234,0.002013909316661836,-0.14841528757237482,0.008056698970513157,-0.603055812179984
608612.0379884666,0.000474844252513562,-0.03644356096317497,0.0018991261669615447,-0.14412741764179754,0.007597505890810284,-0.5856139437217829
626737.7119194755,0.00044778016678938097,-0.035380240608491376,0.0017908840491678304,-0.13996351568099957,0.00716448038895838,-0.5686757885907023
645403.2043800999,0.00042225838527788035,-0.03434735451674906,0.0016888103328213293,-0.13592000968382095,0.006756131746593334,-0.5522268153817573
664624.5922371104,0.0003981910425937987,-0.03334401634195169,0.0015925536025886546,-0.13199343012859535,0.0063710541170672805,-0.5362529091705843
684418.4311582639,0.0003754952761918376,-0.032369364909383025,0.0015017824518453301,-0.12818040709212117,0.006007921699141931,-0.5207403597651776
704801.7698719527,0.0003540929418361662,-0.03142256349721903,0.0014161843447038761,-0.12447766744080746,0.005665484184498512,-0.5056758502717518
725792.1648515194,0.00033391034521702704,-0.03050279913722803,0.0013354645426217164,-0.12088203209731431,0.00534256246360186,-0.49104644596789404
747407.6954369135,0.00031487798880193863,-0.029609281934115828,0.001259345091939229,-0.11739041338097574,0.005038044575317108,-0.47683958347592004
769666.9794067008,0.00029693033306025835,-0.028741244403085398,0.001187563868903675,-0.11399981242034456,0.00475088188650076,-0.4630430602296687
792589.1890138246,0.00028000557124804827,-0.027897940825174383,0.0011198736789270185,-0.11070731663616638,0.0044800854885558225,-0.4496450242277943
816194.0674989566,0.0002640454169859673,-0.027078646619947716,0.001056041407009047,-0.10751009729314603,0.00422472279867557,-0.4366339640668486
840501.9460956501,0.0002489949039058575,-0.026282657735114456,0.000995847216428812,-0.10440540711884407,0.00398391435418621,-0.42399869924736544
865533.7615419243,0.0002348021966825961,-0.025509290052653427,0.000939083792971043,-0.10139057798809584,0.0037568307890535405,-0.41172837074635105
891311.0741133932,0.00022141841280615788,-0.02475787881103353,0.0008855556321076247,-0.09846301867134644,0.0035426899822326267,-0.39981243184962123
917856.0861934578,0.0002087974544851387,-0.024027778043115455,0.00083507836669952,-0.09562021264531656,0.0033407543681209413,-0.38824063923749463
945191.6613965395,0.0001968958501074047,-0.023318360029336654,0.0007874781329220409,-0.09285971596445122,0.00315032839992508,-0.3770030443175356
973341.3442608586,0.0001856726047158076,-0.022629014765778332,0.0007425909722455533,-0.09017915519161161,0.002970756157268304,-0.36608998479800725
1002329.3805276917,0.00017508905898759586,-0.021959149446727944,0.0007002622674263646,-0.08757622538651154,0.0028014190898569616,-0.3554920764959508
1032180.738024599,0.00016510875623493943,-0.02130818796134748,0.0006603462105777501,-0.08504868815041035,0.0026417338894844725,-0.34520020537380125
1062921.128170571,0.00015569731697134435,-0.020675570404077637,0.0006227053015004325,-0.08259436972562208,0.0024911504830891825,-0.335205519798619
1094577.0281216742,0.00014682232061436818,-0.02006075259839997,0.0005872098745543947,-0.08021115914840478,0.002349150139992675,-0.3254994230181163
1127175.7035762041,0.00013845319391942216,-0.01946320563359752,0.0005537376524513707,-0.07789700645384201,0.002215243686835169,-0.3160735658477709
1160745.232259048,0.00013056110576233028,-0.018882415414156528,0.0005221733254388826,-0.07564992093134665,0.0020889698240905454,-0.30691983956344027
1195314.5281054403,0.00012311886790996598,-0.018317882221458,0.0004924081544333059,-0.0734679694294479,0.0019698935383902424,-0.29803036899399404
1230913.3661649786,0.00011610084143871943,-0.017769120287417048,0.00046433959674112735,-0.07134927470855322,0.0018576046052119176,-0.2893975058086231
1267572.4082472979,0.00010948284847982367,-0.017235657379734703,0.00043787095308467334,-0.06929201384040545,0.0017517161767974122,-0.2810138219935996
1305323.2293315656,0.00010324208898873253,-0.01671703439843096,0.00041291103472123106,-0.06729441665297875,0.0016518634504548973,-0.27287210351331925
1344198.3447624631,9.735706225295383e-05,-0.016212804983338033,0.000389373849513307,-0.06535476421959664,0.001557702412675754,-0.26496534415068207
1384231.2382561471,9.180749286889734e-05,-0.015722535132237536,0.0003671783058723961,-0.06347138739107498,0.0014689086547550294,-0.25728673952188585
1425456.3907402672,8.657426093359858e-05,-0.015245802829332453,0.00034624793355980676,-0.061642665369721815,0.0013851762558491736,-0.24982968126087446
1467909.3100529157,8.163933621159784e-05,-0.01478219768375015,0.00032651062038579673,-0.05986702432406131,0.0013062167296354742,-0.24258775136877153
1511626.561526035,7.698571605086721e-05,-0.01433132057778122,0.00030789836390265104,-0.05814293604316978,0.0012317580309554174,-0.23555471672376926
1556645.7994797085,7.25973668344898e-05,-0.013892783324561744,0.00029034703723864765,-0.05646891662953979,0.0011615436190291562,-0.2287245237470117
1603005.7996543658,6.845916876695374e-05,-0.013466208334917407,0.0002737961682683996,-0.0548435252294246,0.0010953315740227162,-0.2220912932201773
1650746.492608917,6.45568638052829e-05,-0.013051228293086331,0.0002581887313605763,-0.05326536279962545,0.0010328937639315864,-0.215649315250507
1699908.9981135367,6.087700655608297e-05,-0.012647485841051812,0.00024347095098734264,-0.05173307090973143,0.0009740150589175956,-0.20939304437919826
1750535.6605667293,5.740691796968402e-05,-0.012254633271214094,0.0002295921165203222,-0.050245330578829864,0.0009184925903980654,-0.2033170948291272
1802670.0854672021,5.413464167219358e-05,-0.011872332227139362,0.00021650440757636265,-0.048800861145740546,0.000866135052339974,-0.1974162358880076
1856357.1769719245,5.104890278531497e-05,-0.011500253412128042,0.00020416272931257832,-0.0473984191718536,0.0008167620423567556,-0.19168538742318386
1911643.176572739,4.8139069092317636e-05,-0.011138076305349326,0.00019252455710421423,-0.04603679737566878,0.0007702034403416647,-0.1861196155243383
1968575.702924858,4.539511441660092e-05,-0.010785488885291308,0.00018154979007114428,-0.04471482359816505,0.000726298822500665,-0.1807141282704987
2027203.7928615194,4.280758408690098e-05,-0.0104421873602836,0.00017120061294917385,-0.04343135979815216,0.0006848969087693418,-0.1754642716178505
2087577.9436301345,4.0367562370340185e-05,-0.010107875905849426,0.00016144136583095737,-0.04218530107677837,0.0006458550417128318,-0.17036552540489502
2149750.156386334,3.806664176128838e-05,-0.00978226640864912,0.00015223842132837823,-0.04097557473039292,0.0006090386951159818,-0.16541349947164885
2213773.98098333,3.5896894020383816e-05,-0.009465078216780422,0.0001435600687337486,-0.039801139330987716,0.0005743210105730034,-0.16060392988961658
2279704.5620951937,3.385084286406845e-05,-0.009156037896201036,0.00013537640478119385,-0.03866098383346076,0.0005415823604819361,-0.1559326752993847
2347598.6867137966,3.192143821067209e-05,-0.00885487899304336,0.00012765923063230483,-0.03755412670897203,0.0005107099359400948,-0.15139571335275948
2417514.8330602893,3.010203189443054e-05,-0.008561341801590551,0.0001203819547314991,-0.03647961510368044,0.0004815973581221698,-0.14698913725643714
2489513.22095326,2.8386354763873967e-05,-0.008275173137686075,0.00011351950119673637,-0.03543652402217697,0.0004541443118034824,-0.1427091524143166
2563655.8636769755,2.6768495085778484e-05,-0.007996126117345764,0.00010704822343023718,-0.03442395553494797,0.0004282561997669232,-0.1385520731655948
2640006.621394338,2.5242878180376508e-05,-0.007723959940343868,0.00010094582265181573,-0.03344103800922694,0.00040384381690392176,-0.13451431961587978
2718631.2561505847,2.3804247217749003e-05,-0.007458439678541116,9.519127107435035e-05,-0.0324869253626134,0.00038082304288760815,-0.1305924145586459
2799597.488515131,2.24476451093341e-05,-0.007199336068720731,8.976473945689699e-05,-0.031560796338862884,0.0003591145523601266,-0.12678298048440206
2882975.0559103037,2.1168397432247117e-05,-0.006946425309694415,8.464752878597115e-05,-0.030661853805268115,0.00033864354163626927,-0.12308273667501546
2968835.7726772116,1.9962096327680542e-05,-0.006699488863435757,7.982200584976278e-05,-0.029789324071082472,0.00031933947098254905,-0.11948849638071823
3057253.5919305366,1.882458531800135e-05,-0.006458313259991806,7.527154248339607e-05,-0.028942456226451214,0.0003011358215842686,-0.11599716407736771
3148304.6692554066,1.7751944990342393e-05,-0.006222689905915062,7.098045827599959e-05,-0.02812052150134566,0.00028396986636381816,-0.1126057328016088
3242067.4283013875,1.6740479497476683e-05,-0.0059924148959487195,6.693396654223971e-05,-0.02732281264401573,0.000267782453860956,-0.10931128156163217
3338622.6283298973,1.578670382958877e-05,-0.005767288827684756,6.311812337220477e-05,-0.026548643318502953,0.00025251780443092927,-0.10611097282129467
3438053.4337733844,1.488733181323228e-05,-0.0055471166188997625,5.951977958410418e-05,-0.02579734752078086,0.00023812331805857343,-0.10300205005540819
3540445.485866081,1.4039264796284663e-05,-0.0053317073272550405,5.612653541423254e-05,-0.025068279013118287,0.00022454939312658,-0.09998183537406902
3645886.9764081016,1.3239580980097635e-05,-0.005120873972025049,5.292669778804653e-05,-0.02436081077628828,0.0002117492555137987,-0.09704772721393162
3754468.7237263047,1.2485525362301893e-05,-0.00491443335749233,4.9909240025079286e-05,-0.023674334479278417,0.00019967879743505138,-0.0941971980944053
3866284.2508975295,1.1774500255862247e-05,-0.0047122058976148545,4.706376383876843e-05,-0.023008259966191307,0.0001882964254674357,-0.09142779243675825
3981429.8663013633,1.110405635200918e-05,-0.004514015441533431,4.438046350014278e-05,-0.0223620147600591,0.00017756291723975185,-0.08873712444418291
4100004.7465720135,1.0471884296601116e-05,-0.004319689099441911,4.1850092041746865e-05,-0.021735043583340573,0.00016744128629155985,-0.08612287604089885
4222111.0220206035,9.875806751304585e-06,-0.00412905706828777,3.94639293851548e-05,-0.021126807894912156,0.00015789665463648362,-0.08358279486840814
4347853.864601568,9.313770912728392e-06,-0.003941952456704326,3.721375228200166e-05,-0.020536785443414734,0.00014889613259094086,-0.08111469233702479
4477341.578498763,8.783841464329436e-06,-0.003758211108498496,3.509180596466457e-05,-0.01996446983688227,0.00014040870545455888,-0.07871644173085096
4610685.693409542,8.284193937513168e-06,-0.0035776714239209202,3.3090777408518985e-05,-0.01940937012863922,0.00013240512665212568,-0.07638597636435929
4748001.060606883,7.813108459917779e-06,-0.0034001741778316025,3.120377011317789e-05,-0.018871010419537895,0.00012485781696926256,-0.0741212877887587
4889405.951862543,7.368963870387132e-06,-0.0032255623337339966,2.9424280315236343e-05,-0.018348929476696876,0.00011774076953503018,-0.07192042404631982
5035022.16131628,6.950232181635232e-06,-0.0030536808524812414,2.77461745498411e-05,-0.017842680369011377,0.00011102946022455086,-0.06978148797080924
5184975.1103789555,6.555473373092651e-06,-0.002884376494251051,2.616366848288689e-05,-0.017351830119838103,0.00010470076317351971,-0.06770263553216888
5339393.955759894,6.18333049792733e-06,-0.0027174976121323857,2.4671306939802132e-05,-0.016875959377412677,9.873287111414699e-05,-0.06568207422351968
5498411.700711461,5.832525089777033e-06,-0.002552893935355044,2.3263945060747044e-05,-0.01641466210374901,9.310522025890054e-05,-0.06371806148851128
5662165.309586723,5.50185285634881e-06,-0.002390416339807421,2.1936730515591318e-05,-0.015967545283002964,8.779841947422374e-05,-0.06180890318694071
5830795.825808921,5.190179648775154e-06,-0.002229916603009141,2.0685086715250987e-05,-0.01553422865056529,8.279418350144068e-05,-0.05995295209645041
6004448.493354256,4.896437697530789e-06,-0.0020712471401074586,1.9504696958858442e-05,-0.015114344444507074,7.807526999634829e-05,-0.05814860644794384
6183272.881852683,4.619622107868527e-06,-0.0019142607167156045,1.839148945873402e-05,-0.014707537181436326,7.362542017249843e-05,-0.056394308492145495
6367423.015414496,4.358787610244647e-06,-0.0017588101334652419,1.734162318723965e-05,-0.014313463459383235,6.942930284618604e-05,-0.054688543094455144
6557057.505293566,4.113045564191457e-06,-0.0016047478759409796,1.6351474491200156e-05,-0.013931791791027454,6.547246169352571e-05,-0.053029836354873294
6752339.686501552,3.881561217756226e-06,-0.0014519257221290507,1.541762442063148e-05,-0.013562202471476574,6.174126554200785e-05,-0.05141675424930392
6953437.758490817,3.6635512292036928e-06,-0.0013001942975314623,1.4536846718840803e-05,-0.013204387485947372,5.8222861530591956e-05,-0.04984790128790967
7160524.930027109,3.458281463542936e-06,-0.0011494025655333848,1.370609642040271e-05,-0.012858050464187035,5.4905130983927484e-05,-0.04832191918538392
7373779.568376837,3.265065084077972e-06,-0.000999397237257553,1.2922499001753036e-05,-0.012522906690402319,5.177664785782881e-05,-0.04683748553691053
7593385.352937506,3.0832609693282845e-06,-0.0008500220807250297,1.2183340025809633e-05,-0.012198683180012949,4.8826639625043926e-05,-0.0453933124921716
7819531.433443478,2.9122724993461048e-06,-0.0007011171032721732,1.1486055216502169e-05,-0.011885118837921572,4.6044950482871576e-05,-0.04398814541782187
8052412.592883437,2.7515467742023556e-06,-0.0005525175733027288,1.0828220890540175e-05,-0.01158196471752627,4.342200677799558e-05,-0.04262076153630284
8292229.415269919,2.600574353466021e-06,-0.0004040528367870687,1.0207544660850415e-05,-0.01128898440583442,4.094878455963299e-05,-0.041289968525341
8539188.458405295,2.458889642252113e-06,-0.0002555448693154147,9.621856306962389e-06,-0.01100595456844048,3.861677919101539e-05,-0.039994603057695116
8793502.431793068,2.3260721020105916e-06,-0.00010680648427557546,9.069098679227938e-06,-0.01073266569976298,3.641797697293941e-05,-0.038733529254034976
9055390.379847812,2.2017485406639264e-06,4.236091065537399e-05,8.547318461563284e-06,-0.01046892314025677,3.434482876442981e-05,-0.03750563701248394
9325077.870561253,2.0855968495419587e-06,0.00019217015686178417,8.054656554158184e-06,-0.010214548445512854,3.239022562852702e-05,-0.03630984016503694
9602797.189787507,1.9773517239780522e-06,0.0003428519943283522,7.5893377417124326e-06,-0.009969381225614391,3.0547476592607085e-05,-0.035145074391845194
9888787.541314196,1.8768131634056618e-06,0.0004946598089731018,7.149659165261619e-06,-0.009733281622141545,2.8810288703390394e-05,-0.0340102947961865
10183295.252892325,1.7838589504637865e-06,0.0006478758964714726,6.733976884811915e-06,-0.009506133663301025,2.717274969517999e-05,-0.03290447300091226
10486573.98840199,1.698462951331931e-06,0.0008028198543232768,6.340689451513297e-06,-0.009287849848679908,2.5629313807169345e-05,-0.03182659356331438
10798884.966336962,1.6207221269545346e-06,0.0009598600133174911,5.968216806594667e-06,-0.009078377487331962,2.417479163682932e-05,-0.030775649406284328
11120497.184795896,1.5508968963516623e-06,0.0011194292946775427,5.614971817398716e-06,-0.008877707586219632,2.2804345500669843e-05,-0.029750635806377462
11451687.65317459,1.4894725071967456e-06,0.0012820476526766633,5.279320027091488e-06,-0.008685887531057812,2.151349277627925e-05,-0.028750542223284853
11792741.630758148,1.4372544241135402e-06,0.001448354558342765,4.959520112693194e-06,-0.008503039547258373,2.0298121478339094e-05,-0.02777434082603733
12143952.87241914,1.395520610865486e-06,0.0016191572219744635,4.653631866615652e-06,-0.008329388219048661,1.915452559601952e-05,-0.026820969828417196
12505623.881632999,1.3662725214551605e-06,0.0017955042766778688,4.359367611618073e-06,-0.008165302661423643,1.8079474004059853e-05,-0.0258893084122456
12878066.171028879,1.3526647330125383e-06,0.0019788021801034035,4.073841005802328e-06,-0.0080113632776788,1.7070339409644688e-05,-0.024978137519070187
13261600.530699944,1.359774212503989e-06,0.0021710064072633945,3.7931205012604337e-06,-0.007868471566682633,1.61253407019576e-05,-0.02408607587707251
13656557.304504862,1.3960541401104422e-06,0.0023749503674960976,3.5113887511823572e-06,-0.0077380392178611895,1.5244013135088346e-05,-0.02321147039140331
14063276.674597707,1.4762683382323825e-06,0.0025949438481250864,3.219249308909612e-06,-0.007622332404698078,1.4428170585676652e-05,-0.022352197168831495
14482108.954432026,1.6279194608551644e-06,0.002837939983355577,2.9000205233931052e-06,-0.007525143520780603,1.3684028415920035e-05,-0.02150527393644963
14913414.890491005,1.9068863006151714e-06,0.0031160208378215827,2.5207225793779725e-06,-0.0074532225562628585,1.302738557086191e-05,-0.02066603479407228
15357565.973003762,2.4411584792116196e-06,0.003452347514847379,2.006869724100587e-06,-0.007419704837788461,1.2498142465736e-05,-0.01982615449424821
15814944.75591551,3.5797506631743917e-06,0.0038979295680374388,1.1566282586955514e-06,-0.007453774639826124,1.220977572502907e-05,-0.01896807833302433
16285945.186386907,6.580163692148145e-06,0.004592228308451957,-7.555330991128982e-07,-0.007635598474803222,1.2577845637498175e-05,-0.018044883789297972
16770972.944106558,1.9189485799851212e-05,0.006105196449066638,-8.196981253244394e-06,-0.0082935302653598,1.6175626445124663e-05,-0.01686657704824815
17270445.790709056,0.0003670399247347777,0.016853033979300172,-0.00020894338889761554,-0.014280336934310484,0.00013128130404597055,-0.01263423913950723
17784793.929599285,6.174090563571856e-05,-0.002118019562862333,-3.303011517411492e-05,-0.0031322481138033173,2.9217444667942287e-05,-0.018301381874603395
18314460.376492973,1.2158706171778969e-05,0.0013906569941972908,-4.516045293592541e-06,-0.004946296664486306,1.2161405884350938e-05,-0.016513409987694974
18859901.34099286,3.60654409229441e-05,0.003252754903610026,-1.5834269094868832e-05,-0.005750415674798959,1.6863491093954745e-05,-0.015355845260034306
19421586.619528726,8.248176926136706e-06,0.0024043561166995305,-2.2374097184353604e-06,-0.005185707992722827,9.637721516649198e-06,-0.014909857113900457
20000000.0,2.433050803590054e-06,0.0030519504201520493,6.574117969048178e-07,-0.00534944510260564,7.651805423114886e-06,-0.01412688787680598
