case,n,method,port_response_mae,node_voltage_mae_norm,displacement_current_error_percent,peak_voltage_error_percent,peak_location_hit,peak_location_distance_norm,edge_retention
0,4,distance,2.834108632580242e-06,1.0577576470233367e-07,30.604527595044456,2.9383825523781607e-05,1.0,0.0,0.375
0,4,magnitude,1.6546374104538241e-06,1.0439174824618019e-07,21.43636358242488,2.386384566498813e-05,1.0,0.0,0.375
0,4,fisher_proxy,1.3066512893769067e-06,1.1109648734994209e-07,22.347923940993965,1.8082817003661038e-05,1.0,0.0,0.375
0,4,oracle_edge_current,1.6546374104538241e-06,1.0439174824618019e-07,21.43636358242488,2.386384566498813e-05,1.0,0.0,0.375
0,4,learned_gate,1.6546374104538241e-06,1.0439174824618019e-07,21.43636358242488,2.386384566498813e-05,1.0,0.0,0.375
1,6,distance,3.467412981078208e-06,1.9502292013940612e-07,36.29156329829091,2.7852397925897345e-05,1.0,0.0,0.38888888888888884
1,6,magnitude,3.2942247215658747e-06,1.7338265343970375e-07,34.272546186099056,2.540475541868575e-05,1.0,0.0,0.38888888888888884
1,6,fisher_proxy,2.2984969737531216e-06,2.1037053332505633e-07,32.00985976414783,2.4019362655539728e-05,1.0,0.0,0.38888888888888884
1,6,oracle_edge_current,2.5335998599471804e-06,1.779832191450066e-07,30.731414544897216,2.221415334882399e-05,1.0,0.0,0.38888888888888884
1,6,learned_gate,2.5335998599471804e-06,1.779832191450066e-07,30.731414544897216,2.221415334882399e-05,1.0,0.0,0.38888888888888884
2,8,distance,1.6695432674460226e-06,9.750291605356506e-08,37.32940260402812,1.0502555231575516e-05,1.0,0.0,0.40625
2,8,magnitude,1.6695432674460226e-06,9.750291605356506e-08,37.32940260402812,1.0502555231575516e-05,1.0,0.0,0.40625
2,8,fisher_proxy,1.0689505262084844e-06,1.0104268718678709e-07,32.00154685544035,8.091872475555733e-06,1.0,0.0,0.40625
2,8,oracle_edge_current,1.1153582029960544e-06,9.186927238443973e-08,31.157137061311257,7.637063943934018e-06,1.0,0.0,0.40625
2,8,learned_gate,1.1153582029960544e-06,9.186927238443973e-08,31.157137061311257,7.637063943934018e-06,1.0,0.0,0.40625
3,4,distance,2.9020019539064783e-06,1.2238126174864868e-07,31.50020336521037,3.4737614833202847e-05,1.0,0.0,0.375
3,4,magnitude,2.2637024212663243e-06,8.380322845193414e-08,24.70484656814115,2.0000492837243995e-05,1.0,0.0,0.375
3,4,fisher_proxy,1.3123698894210167e-06,1.1934808577065758e-07,22.331340465078586,1.983482316821111e-05,1.0,0.0,0.375
3,4,oracle_edge_current,1.6179721452691994e-06,1.1107401064320423e-07,21.161916812493416,2.5090231111815858e-05,1.0,0.0,0.375
3,4,learned_gate,1.6179721452691994e-06,1.1107401064320423e-07,21.161916812493416,2.5090231111815858e-05,1.0,0.0,0.375
4,6,distance,1.7951494759796637e-06,1.2010104314445538e-07,31.375193356304003,1.5507937066306632e-05,1.0,0.0,0.38888888888888884
4,6,magnitude,2.322105949587617e-06,9.559794905832545e-08,33.83410823249184,1.6208926170623262e-05,1.0,0.0,0.38888888888888884
4,6,fisher_proxy,1.3336123666120535e-06,1.4460519389989561e-07,31.913710020499625,1.4714518677255302e-05,1.0,0.0,0.38888888888888884
4,6,oracle_edge_current,1.3357038818109328e-06,9.646365737118116e-08,25.300172101398456,1.309065635239165e-05,1.0,0.0,0.38888888888888884
4,6,learned_gate,1.3357038818109328e-06,9.646365737118116e-08,25.300172101398456,1.309065635239165e-05,1.0,0.0,0.38888888888888884
5,8,distance,2.0590967005536718e-06,1.2155054179377043e-07,30.676414965606458,1.368832051844838e-05,1.0,0.0,0.40625
5,8,magnitude,2.1101008326951616e-06,1.162015065740537e-07,30.286254246783106,1.3607176122211349e-05,1.0,0.0,0.40625
5,8,fisher_proxy,1.3417414885280587e-06,1.4042675243976618e-07,28.43620729552719,1.1097268449344284e-05,1.0,0.0,0.40625
5,8,oracle_edge_current,1.3911826727188575e-06,1.1089532572540483e-07,25.541539846013627,1.0408308148116898e-05,1.0,0.0,0.40625
5,8,learned_gate,1.4225949335509165e-06,1.1350206550179091e-07,25.557910086083947,1.0780304199857326e-05,1.0,0.0,0.40625
6,4,distance,2.5752538861106614e-06,9.15891725102719e-08,44.01464699492511,2.5031322256335357e-05,1.0,0.0,0.375
6,4,magnitude,2.1958856501254344e-06,7.063254731619404e-08,37.91279898120245,1.6476138128355643e-05,1.0,0.0,0.375
6,4,fisher_proxy,1.3514948012600484e-06,9.223079840890614e-08,32.22225900971701,1.6022965238367844e-05,1.0,0.0,0.375
6,4,oracle_edge_current,1.3514948012600484e-06,9.223079840890614e-08,32.22225900971701,1.6022965238367844e-05,1.0,0.0,0.375
6,4,learned_gate,1.3514948012600484e-06,9.223079840890614e-08,32.22225900971701,1.6022965238367844e-05,1.0,0.0,0.375
7,6,distance,1.7101771678919528e-06,9.516673070327083e-08,34.85169824044371,1.3925164412525811e-05,1.0,0.0,0.38888888888888884
7,6,magnitude,1.6165915830953596e-06,8.496680676047271e-08,32.93793186410037,1.2811831070396945e-05,1.0,0.0,0.38888888888888884
7,6,fisher_proxy,1.0565634734337424e-06,9.78429409975899e-08,28.96614190840517,1.102193071682175e-05,1.0,0.0,0.38888888888888884
7,6,oracle_edge_current,1.1826983880400265e-06,8.35282926068076e-08,28.074932720111534,1.0297807302339561e-05,1.0,0.0,0.38888888888888884
7,6,learned_gate,1.1826983880400265e-06,8.35282926068076e-08,28.074932720111534,1.0297807302339561e-05,1.0,0.0,0.38888888888888884
8,8,distance,1.6281981873728957e-06,1.0948601546915736e-07,35.09740097088383,1.0505606094545267e-05,1.0,0.0,0.40625
8,8,magnitude,1.9236526336182992e-06,1.0254098298218828e-07,37.70850176540859,1.1880386217366907e-05,1.0,0.0,0.40625
8,8,fisher_proxy,1.1408562125642552e-06,1.1758596135126563e-07,32.721895631528355,8.515861886919106e-06,1.0,0.0,0.40625
8,8,oracle_edge_current,1.1531438012952107e-06,9.315459189676988e-08,29.888855698786116,7.708821033675964e-06,1.0,0.0,0.40625
8,8,learned_gate,1.1531438012952107e-06,9.315459189676988e-08,29.888855698786116,7.708821033675964e-06,1.0,0.0,0.40625
9,4,distance,1.974593857334243e-06,7.818467488670791e-08,30.20476720212022,2.0865238116725198e-05,1.0,0.0,0.375
9,4,magnitude,1.974593857334243e-06,7.818467488670791e-08,30.20476720212022,2.0865238116725198e-05,1.0,0.0,0.375
9,4,fisher_proxy,9.80391938653948e-07,8.851890605728208e-08,23.88314996454674,1.4036370612731831e-05,1.0,0.0,0.375
9,4,oracle_edge_current,1.1862242486988747e-06,8.111002093871752e-08,22.23744089311895,1.7455066603098153e-05,1.0,0.0,0.375
9,4,learned_gate,1.1862242486988747e-06,8.111002093871752e-08,22.23744089311895,1.7455066603098153e-05,1.0,0.0,0.375
10,6,distance,1.4279259780743357e-06,1.0116929011128773e-07,34.07975062019054,1.2731963974500797e-05,1.0,0.0,0.38888888888888884
10,6,magnitude,1.7153793276050826e-06,7.445662567053679e-08,34.04721635730535,1.2087144871041798e-05,1.0,0.0,0.38888888888888884
10,6,fisher_proxy,1.1755582624690259e-06,1.3106419723315759e-07,38.20966331737018,1.309772761840349e-05,1.0,0.0,0.38888888888888884
10,6,oracle_edge_current,1.0535805324654938e-06,7.724764303645752e-08,26.806509156122658,1.0112570828590728e-05,1.0,0.0,0.38888888888888884
10,6,learned_gate,1.0535805324654938e-06,7.724764303645752e-08,26.806509156122658,1.0112570828590728e-05,1.0,0.0,0.38888888888888884
11,8,distance,1.0241931184364525e-06,7.378970972591559e-08,37.551145734763544,6.676173818198019e-06,1.0,0.0,0.40625
11,8,magnitude,1.2978267366435999e-06,7.272616092143432e-08,42.152480795094526,8.510327044794535e-06,1.0,0.0,0.40625
11,8,fisher_proxy,7.327143534438067e-07,7.915170458670202e-08,35.66481096784843,5.4602710454348506e-06,1.0,0.0,0.40625
11,8,oracle_edge_current,7.543341987263641e-07,6.172684407104396e-08,32.60514807163685,5.204433579422231e-06,1.0,0.0,0.40625
11,8,learned_gate,7.543341987263641e-07,6.172684407104396e-08,32.60514807163685,5.204433579422231e-06,1.0,0.0,0.40625
12,4,distance,1.5080616424192432e-06,5.573847331278688e-08,31.618335450024937,1.5603189918468992e-05,1.0,0.0,0.375
12,4,magnitude,1.06204732334865e-06,5.9559066095834564e-08,25.284574204444326,1.617937865517946e-05,1.0,0.0,0.375
12,4,fisher_proxy,7.168045770041218e-07,5.97031862396956e-08,23.656336765049765,9.792712716309509e-06,1.0,0.0,0.375
12,4,oracle_edge_current,9.085356200236085e-07,5.717480525228725e-08,23.164477951651644,1.2992482354895027e-05,1.0,0.0,0.375
12,4,learned_gate,9.085356200236085e-07,5.717480525228725e-08,23.164477951651644,1.2992482354895027e-05,1.0,0.0,0.375
13,6,distance,2.5413343924788705e-06,1.5652020205156204e-07,35.16176785231409,2.0925617937259312e-05,1.0,0.0,0.38888888888888884
13,6,magnitude,3.0045310578618913e-06,1.364346035656286e-07,37.898931342360775,1.883102408891366e-05,1.0,0.0,0.38888888888888884
13,6,fisher_proxy,1.726237741393628e-06,1.6961010563501306e-07,31.912644690411152,1.8144892163626536e-05,1.0,0.0,0.38888888888888884
13,6,oracle_edge_current,1.8892151822315812e-06,1.4539034807440292e-07,30.479608197813278,1.6965066561289735e-05,1.0,0.0,0.38888888888888884
13,6,learned_gate,1.8892151822315812e-06,1.4539034807440292e-07,30.479608197813278,1.6965066561289735e-05,1.0,0.0,0.38888888888888884
14,8,distance,2.948056138324384e-06,1.7140559394919812e-07,41.729317880583956,1.870925070118039e-05,1.0,0.0,0.40625
14,8,magnitude,3.3756072263383305e-06,1.754784240700141e-07,44.61769591160969,2.225963219333568e-05,1.0,0.0,0.40625
14,8,fisher_proxy,1.9078380871691745e-06,1.7789988269578573e-07,35.61712844802127,1.4593806958158058e-05,1.0,0.0,0.40625
14,8,oracle_edge_current,1.9944502494849877e-06,1.615986813117468e-07,34.783413009344486,1.3756124537305132e-05,1.0,0.0,0.40625
14,8,learned_gate,1.9944502494849877e-06,1.615986813117468e-07,34.783413009344486,1.3756124537305132e-05,1.0,0.0,0.40625
15,4,distance,2.6833917635934087e-06,1.2572490006767878e-07,33.66577104128046,3.2094643068334587e-05,1.0,0.0,0.375
15,4,magnitude,2.6833917635934087e-06,1.2572490006767878e-07,33.66577104128046,3.2094643068334587e-05,1.0,0.0,0.375
15,4,fisher_proxy,1.4725680566221589e-06,1.4497099405976097e-07,29.172285881337107,2.2452615613639477e-05,1.0,0.0,0.375
15,4,oracle_edge_current,1.6588021897421628e-06,1.3540844046436437e-07,27.004894713576522,2.69849029395241e-05,1.0,0.0,0.375
15,4,learned_gate,1.6588021897421628e-06,1.3540844046436437e-07,27.004894713576522,2.69849029395241e-05,1.0,0.0,0.375
16,6,distance,1.0765022544199688e-06,6.660831793345857e-08,30.354667943598514,9.243459200189544e-06,1.0,0.0,0.38888888888888884
16,6,magnitude,1.3892383551782073e-06,5.4912628909058064e-08,34.007169921052316,9.170650405630816e-06,1.0,0.0,0.38888888888888884
16,6,fisher_proxy,7.77868676043493e-07,7.671385535259393e-08,29.753215608720406,8.478843267418442e-06,1.0,0.0,0.38888888888888884
16,6,oracle_edge_current,7.78043988994744e-07,5.578544724838391e-08,25.325497578003436,7.267720172625856e-06,1.0,0.0,0.38888888888888884
16,6,learned_gate,7.78043988994744e-07,5.578544724838391e-08,25.325497578003436,7.267720172625856e-06,1.0,0.0,0.38888888888888884
17,8,distance,9.632138705406116e-07,6.142511350764656e-08,37.20394352439215,6.065400717007361e-06,1.0,0.0,0.40625
17,8,magnitude,7.971593657563058e-07,5.029108436683227e-08,32.06575739504708,4.966190323846366e-06,1.0,0.0,0.40625
17,8,fisher_proxy,5.690268873347522e-07,5.3923423817967156e-08,28.57299881289489,4.136455211559481e-06,1.0,0.0,0.40625
17,8,oracle_edge_current,5.674568610851184e-07,4.77269928680085e-08,27.5313630838998,3.97114886415248e-06,1.0,0.0,0.40625
17,8,learned_gate,5.674568610851184e-07,4.77269928680085e-08,27.5313630838998,3.97114886415248e-06,1.0,0.0,0.40625
18,4,distance,2.860406744092473e-06,1.1275935519255657e-07,26.86381865098558,3.009082038057575e-05,1.0,0.0,0.375
18,4,magnitude,2.4080254684880063e-06,8.861005568358261e-08,23.110697487863245,1.9471426742664494e-05,1.0,0.0,0.375
18,4,fisher_proxy,1.4554708789237905e-06,1.3653704799607952e-07,22.325122961463006,2.165905099087321e-05,1.0,0.0,0.375
18,4,oracle_edge_current,1.6550661466827505e-06,1.1654602822241869e-07,19.317616335790415,2.477772560053125e-05,1.0,0.0,0.375
18,4,learned_gate,1.6550661466827505e-06,1.1654602822241869e-07,19.317616335790415,2.477772560053125e-05,1.0,0.0,0.375
19,6,distance,1.0821729183968394e-06,6.151812833514116e-08,33.66927846664647,8.56274838557713e-06,1.0,0.0,0.38888888888888884
19,6,magnitude,1.00593648878506e-06,5.3042594836645885e-08,30.993688734812263,7.677587402673151e-06,1.0,0.0,0.38888888888888884
19,6,fisher_proxy,7.051654120842956e-07,6.383397583990346e-08,28.96855147768727,7.158317798027407e-06,1.0,0.0,0.38888888888888884
19,6,oracle_edge_current,7.81059077937495e-07,5.4613006073610766e-08,27.866668119772275,6.739256791002069e-06,1.0,0.0,0.38888888888888884
19,6,learned_gate,7.81059077937495e-07,5.4613006073610766e-08,27.866668119772275,6.739256791002069e-06,1.0,0.0,0.38888888888888884
20,8,distance,2.468132394819559e-06,1.4643741086167156e-07,32.163248506740835,1.6892592561798095e-05,1.0,0.0,0.40625
20,8,magnitude,2.5765609909883525e-06,1.2647170816081603e-07,31.725308196931717,1.4731366581591729e-05,1.0,0.0,0.40625
20,8,fisher_proxy,1.4695677533163587e-06,1.5112460536775782e-07,27.076928918968918,1.1838290840375523e-05,1.0,0.0,0.40625
20,8,oracle_edge_current,1.448773892472055e-06,1.2926137690787468e-07,24.952658086148965,1.0559024497865427e-05,1.0,0.0,0.40625
20,8,learned_gate,1.448773892472055e-06,1.2926137690787468e-07,24.952658086148965,1.0559024497865427e-05,1.0,0.0,0.40625
21,4,distance,4.5522487533161215e-06,1.6538513198271563e-07,45.234641585587795,4.4961940113622216e-05,1.0,0.0,0.375
21,4,magnitude,3.368077821903903e-06,1.7395397538136034e-07,36.892143980849134,4.6303793558602965e-05,1.0,0.0,0.375
21,4,fisher_proxy,2.4445971260498206e-06,1.6087461210259315e-07,32.70720093733591,2.8546703574152346e-05,1.0,0.0,0.375
21,4,oracle_edge_current,2.4445971260498206e-06,1.6087461210259315e-07,32.70720093733591,2.8546703574152346e-05,1.0,0.0,0.375
21,4,learned_gate,2.4445971260498206e-06,1.6087461210259315e-07,32.70720093733591,2.8546703574152346e-05,1.0,0.0,0.375
22,6,distance,2.7255637266419368e-06,1.6582363047250685e-07,44.53107629260499,2.4223667338653347e-05,1.0,0.0,0.38888888888888884
22,6,magnitude,2.6753674914076903e-06,1.24385804298688e-07,39.27493886284291,2.1198921539307116e-05,1.0,0.0,0.38888888888888884
22,6,fisher_proxy,1.9647692844243734e-06,1.7289536869120694e-07,39.694860358129176,2.1616092303340773e-05,1.0,0.0,0.38888888888888884
22,6,oracle_edge_current,1.7963190595949215e-06,1.2827230645872416e-07,33.70968982751846,1.5242242846362778e-05,1.0,0.0,0.38888888888888884
22,6,learned_gate,1.7963190595949215e-06,1.2827230645872416e-07,33.70968982751846,1.5242242846362778e-05,1.0,0.0,0.38888888888888884
23,8,distance,1.7318750447035496e-06,1.0881790855943585e-07,33.65192571158154,1.1378520383036062e-05,1.0,0.0,0.40625
23,8,magnitude,1.5583531579999495e-06,9.682118962987396e-08,31.21272283078584,9.935371338440358e-06,1.0,0.0,0.40625
23,8,fisher_proxy,1.0239476620238496e-06,1.0402076899425655e-07,26.857968692503924,8.09215527161706e-06,1.0,0.0,0.40625
23,8,oracle_edge_current,1.0359407103104994e-06,9.716753791194373e-08,26.53289950172869,7.57763961357491e-06,1.0,0.0,0.40625
23,8,learned_gate,1.0359407103104994e-06,9.716753791194373e-08,26.53289950172869,7.57763961357491e-06,1.0,0.0,0.40625
24,4,distance,1.6567536647196326e-06,5.4666778622454256e-08,44.54002284437596,1.5033865627962037e-05,1.0,0.0,0.375
24,4,magnitude,1.4242357976470184e-06,4.21370934442827e-08,38.56447590631199,1.0000988874151973e-05,1.0,0.0,0.375
24,4,fisher_proxy,9.026852146462131e-07,5.3749438236666836e-08,32.419733919349525,9.773156760937833e-06,1.0,0.0,0.375
24,4,oracle_edge_current,8.711333007264491e-07,6.284510333154587e-08,32.104725067309964,1.3441759567259932e-05,1.0,0.0,0.375
24,4,learned_gate,8.711333007264491e-07,6.284510333154587e-08,32.104725067309964,1.3441759567259932e-05,1.0,0.0,0.375
25,6,distance,1.4460424078718605e-06,8.166847118931892e-08,32.274640228758074,1.1483277453737828e-05,1.0,0.0,0.38888888888888884
25,6,magnitude,1.5921180878036844e-06,7.41961910164774e-08,32.87159646142408,1.2916731299714432e-05,1.0,0.0,0.38888888888888884
25,6,fisher_proxy,9.769274192264707e-07,9.295301744782656e-08,29.84307491688411,1.0254253630262328e-05,1.0,0.0,0.38888888888888884
25,6,oracle_edge_current,1.0283999342467394e-06,7.446396404775494e-08,27.233764461145206,9.020165794584257e-06,1.0,0.0,0.38888888888888884
25,6,learned_gate,1.0283999342467394e-06,7.446396404775494e-08,27.233764461145206,9.020165794584257e-06,1.0,0.0,0.38888888888888884
26,8,distance,1.8632725206720972e-06,1.1006110008710769e-07,31.41553206058306,1.0899022873747084e-05,1.0,0.0,0.40625
26,8,magnitude,1.9623959020615096e-06,1.1298998263546512e-07,32.33029544949076,1.1809885908480203e-05,1.0,0.0,0.40625
26,8,fisher_proxy,1.215182407099738e-06,1.2820364082754515e-07,29.263404534422833,9.018795225755023e-06,1.0,0.0,0.40625
26,8,oracle_edge_current,1.268130932605832e-06,1.0418106057813566e-07,26.72256340454463,8.849689197404924e-06,1.0,0.0,0.40625
26,8,learned_gate,1.2838104122242047e-06,1.0620686353974778e-07,26.82147593919892,9.029945233082508e-06,1.0,0.0,0.40625
27,4,distance,1.946729625945896e-06,8.298205156977979e-08,32.81679440776191,2.276017431861634e-05,1.0,0.0,0.375
27,4,magnitude,1.5204121095457879e-06,6.10527849264832e-08,26.62183875654317,1.4204443247474049e-05,1.0,0.0,0.375
27,4,fisher_proxy,8.809327336508262e-07,7.898791191654283e-08,23.2269934932854,1.2588454221749193e-05,1.0,0.0,0.375
27,4,oracle_edge_current,8.809327336508262e-07,7.898791191654283e-08,23.2269934932854,1.2588454221749193e-05,1.0,0.0,0.375
27,4,learned_gate,8.809327336508262e-07,7.898791191654283e-08,23.2269934932854,1.2588454221749193e-05,1.0,0.0,0.375
28,6,distance,1.8041638859193446e-06,1.1724484465455191e-07,26.714551307731522,1.5416034118118662e-05,1.0,0.0,0.38888888888888884
28,6,magnitude,2.0110370069723973e-06,1.234183411870692e-07,27.96923169142537,1.7426204395206075e-05,1.0,0.0,0.38888888888888884
28,6,fisher_proxy,1.2966785803277444e-06,1.4366179431002274e-07,27.57486588642649,1.443410023370338e-05,1.0,0.0,0.38888888888888884
28,6,oracle_edge_current,1.2958991527244982e-06,1.1080987628494021e-07,23.74125986979825,1.2332819247441096e-05,1.0,0.0,0.38888888888888884
28,6,learned_gate,1.4538202109178055e-06,1.1224192392646123e-07,23.981210370824595,1.4537894963511906e-05,1.0,0.0,0.38888888888888884
29,8,distance,2.936833130312682e-06,1.736490678577169e-07,38.299200183606274,1.8962287066160403e-05,1.0,0.0,0.40625
29,8,magnitude,3.331921415802736e-06,1.738921665173515e-07,40.6930279282419,2.2243667264678224e-05,1.0,0.0,0.40625
29,8,fisher_proxy,1.8892485506817717e-06,1.8235352485558394e-07,32.93268529481259,1.4741353897000922e-05,1.0,0.0,0.40625
29,8,oracle_edge_current,1.958003852285846e-06,1.6421821771831236e-07,31.872463140105356,1.3788115423843439e-05,1.0,0.0,0.40625
29,8,learned_gate,1.958003852285846e-06,1.6421821771831236e-07,31.872463140105356,1.3788115423843439e-05,1.0,0.0,0.40625
30,4,distance,2.8041449167801392e-06,1.077393070141873e-07,38.4417964675909,2.8968399185033184e-05,1.0,0.0,0.375
30,4,magnitude,2.8041449167801392e-06,1.077393070141873e-07,38.4417964675909,2.8968399185033184e-05,1.0,0.0,0.375
30,4,fisher_proxy,1.4311702310630727e-06,1.0931325992580502e-07,28.390263838844437,1.832806196012179e-05,1.0,0.0,0.375
30,4,oracle_edge_current,1.4311702310630727e-06,1.0931325992580502e-07,28.390263838844437,1.832806196012179e-05,1.0,0.0,0.375
30,4,learned_gate,1.4311702310630727e-06,1.0931325992580502e-07,28.390263838844437,1.832806196012179e-05,1.0,0.0,0.375
31,6,distance,1.7703170174234358e-06,1.0480888228184776e-07,37.73223141881246,1.4240510773231542e-05,1.0,0.0,0.38888888888888884
31,6,magnitude,2.025851496828546e-06,1.0812747418373399e-07,40.390616599973875,1.7614517019253437e-05,1.0,0.0,0.38888888888888884
31,6,fisher_proxy,1.2536335207952165e-06,1.1373779011026627e-07,34.67172245774267,1.2807846087976747e-05,1.0,0.0,0.38888888888888884
31,6,oracle_edge_current,1.330256071770582e-06,9.444882298581845e-08,32.728069985926226,1.2181515889529964e-05,1.0,0.0,0.38888888888888884
31,6,learned_gate,1.330256071770582e-06,9.444882298581845e-08,32.728069985926226,1.2181515889529964e-05,1.0,0.0,0.38888888888888884
32,8,distance,5.559315903680417e-07,3.6147085443810883e-08,26.68163186367308,3.5775355703816067e-06,1.0,0.0,0.40625
32,8,magnitude,6.994935785917256e-07,3.7099914340328336e-08,30.82228547269523,4.205984907846247e-06,1.0,0.0,0.40625
32,8,fisher_proxy,4.152230374416625e-07,4.5427101293323694e-08,28.537343539332937,3.1971490249113137e-06,1.0,0.0,0.40625
32,8,oracle_edge_current,4.2040574389246944e-07,3.3069370062966294e-08,23.85048442630288,2.8428167499506715e-06,1.0,0.0,0.40625
32,8,learned_gate,4.2040574389246944e-07,3.3069370062966294e-08,23.85048442630288,2.8428167499506715e-06,1.0,0.0,0.40625
33,4,distance,2.3611570449802907e-06,8.5313448643845e-08,45.23241082963926,2.2871511935938833e-05,1.0,0.0,0.375
33,4,magnitude,1.528253795585593e-06,8.617621328016817e-08,34.19196289239769,1.9082992667833507e-05,1.0,0.0,0.375
33,4,fisher_proxy,1.2745046957756897e-06,8.329683236548075e-08,32.792820197406364,1.4621455782867509e-05,1.0,0.0,0.375
33,4,oracle_edge_current,1.2745046957756897e-06,8.329683236548075e-08,32.792820197406364,1.4621455782867509e-05,1.0,0.0,0.375
33,4,learned_gate,1.2745046957756897e-06,8.329683236548075e-08,32.792820197406364,1.4621455782867509e-05,1.0,0.0,0.375
34,6,distance,2.7092205198292938e-06,1.7328864049678567e-07,31.35686915766016,2.3346175466070313e-05,1.0,0.0,0.38888888888888884
34,6,magnitude,2.9892757043564525e-06,1.4928997851412405e-07,32.80688515564797,2.036672423939732e-05,1.0,0.0,0.38888888888888884
34,6,fisher_proxy,1.7929210258176472e-06,1.7903307028912692e-07,27.887744268652114,1.9090071842858985e-05,1.0,0.0,0.38888888888888884
34,6,oracle_edge_current,1.8216172937105906e-06,1.4514113338177212e-07,25.554953113145935,1.816193608977538e-05,1.0,0.0,0.38888888888888884
34,6,learned_gate,1.8216172937105906e-06,1.4514113338177212e-07,25.554953113145935,1.816193608977538e-05,1.0,0.0,0.38888888888888884
35,8,distance,8.737208007815236e-07,5.838100569650051e-08,33.138487057350915,5.555610768469402e-06,1.0,0.0,0.40625
35,8,magnitude,1.0293198092585498e-06,5.352189794874108e-08,35.38739151080413,6.228766421642353e-06,1.0,0.0,0.40625
35,8,fisher_proxy,6.349664195703468e-07,6.568214232850433e-08,32.413607733204536,4.683997111783139e-06,1.0,0.0,0.40625
35,8,oracle_edge_current,6.418390369739938e-07,5.089445594170446e-08,28.892391700089924,4.266204188944824e-06,1.0,0.0,0.40625
35,8,learned_gate,6.418390369739938e-07,5.089445594170446e-08,28.892391700089924,4.266204188944824e-06,1.0,0.0,0.40625
36,4,distance,3.1282502818722374e-06,1.1680461903759482e-07,33.616608290965964,3.2532908271795183e-05,1.0,0.0,0.375
36,4,magnitude,2.621656561482601e-06,8.791324903157988e-08,28.517719417271415,2.0826857577669346e-05,1.0,0.0,0.375
36,4,fisher_proxy,1.518873664078472e-06,1.221995588084586e-07,24.69487740048894,2.0515660285248457e-05,1.0,0.0,0.375
36,4,oracle_edge_current,1.8588868351860261e-06,1.1679496967850599e-07,24.098025534915536,2.630554356599115e-05,1.0,0.0,0.375
36,4,learned_gate,1.8588868351860261e-06,1.1679496967850599e-07,24.098025534915536,2.630554356599115e-05,1.0,0.0,0.375
37,6,distance,1.9223998077377613e-06,1.1874979936974624e-07,37.766007801556015,1.582131278561093e-05,1.0,0.0,0.38888888888888884
37,6,magnitude,1.898166235456596e-06,1.1719086438179869e-07,37.40346017835512,1.572911012240605e-05,1.0,0.0,0.38888888888888884
37,6,fisher_proxy,1.3011093138339905e-06,1.238512259184922e-07,33.43040849829448,1.33585188598974e-05,1.0,0.0,0.38888888888888884
37,6,oracle_edge_current,1.3729600384888158e-06,1.1154819802770796e-07,32.57301706435901,1.2378332532979985e-05,1.0,0.0,0.38888888888888884
37,6,learned_gate,1.3729600384888158e-06,1.1154819802770796e-07,32.57301706435901,1.2378332532979985e-05,1.0,0.0,0.38888888888888884
38,8,distance,1.9774743992485276e-06,1.2305058402274708e-07,24.61877929453188,1.2864694751992382e-05,1.0,0.0,0.40625
38,8,magnitude,1.9774743992485276e-06,1.2305058402274708e-07,24.61877929453188,1.2864694751992382e-05,1.0,0.0,0.40625
38,8,fisher_proxy,1.384330733559339e-06,1.5665336743119205e-07,25.70850899996586,1.115344876095568e-05,1.0,0.0,0.40625
38,8,oracle_edge_current,1.4535319619690793e-06,1.1225146267124277e-07,21.76090742761287,1.0011097433856632e-05,1.0,0.0,0.40625
38,8,learned_gate,1.4535319619690793e-06,1.1225146267124277e-07,21.76090742761287,1.0011097433856632e-05,1.0,0.0,0.40625
39,4,distance,4.205343074895699e-06,1.749776232906442e-07,40.26232804311552,4.575802861028654e-05,1.0,0.0,0.375
39,4,magnitude,3.407978391455878e-06,1.297459138089158e-07,33.49389642497687,2.998567958830212e-05,1.0,0.0,0.375
39,4,fisher_proxy,2.212969585031234e-06,1.690873044309422e-07,29.324642589111377,2.8910133906433152e-05,1.0,0.0,0.375
39,4,oracle_edge_current,2.212969585031234e-06,1.690873044309422e-07,29.324642589111377,2.8910133906433152e-05,1.0,0.0,0.375
39,4,learned_gate,2.212969585031234e-06,1.690873044309422e-07,29.324642589111377,2.8910133906433152e-05,1.0,0.0,0.375
40,6,distance,4.136505968985992e-06,2.267365120015298e-07,37.70081463246836,3.2628529153669016e-05,1.0,0.0,0.38888888888888884
40,6,magnitude,4.067993624260434e-06,2.192842898731218e-07,36.80920862682812,3.209456972604667e-05,1.0,0.0,0.38888888888888884
40,6,fisher_proxy,2.538583405425031e-06,2.1687552057131284e-07,29.596347168976,2.5659109928336415e-05,1.0,0.0,0.38888888888888884
40,6,oracle_edge_current,2.538583405425031e-06,2.1687552057131284e-07,29.596347168976,2.5659109928336415e-05,1.0,0.0,0.38888888888888884
40,6,learned_gate,2.538583405425031e-06,2.1687552057131284e-07,29.596347168976,2.5659109928336415e-05,1.0,0.0,0.38888888888888884
41,8,distance,5.5458375605334e-07,3.479535592559278e-08,27.192941753908574,3.854303511059518e-06,1.0,0.0,0.40625
41,8,magnitude,5.704807932535582e-07,2.8995762850566624e-08,26.156036784604193,3.2421165563657854e-06,1.0,0.0,0.40625
41,8,fisher_proxy,3.632374975704363e-07,3.9338631435987046e-08,25.76241390133306,2.90940988918059e-06,1.0,0.0,0.40625
41,8,oracle_edge_current,3.788073265263587e-07,2.833726632812867e-08,21.675712045315663,2.6094519874159882e-06,1.0,0.0,0.40625
41,8,learned_gate,3.788073265263587e-07,2.833726632812867e-08,21.675712045315663,2.6094519874159882e-06,1.0,0.0,0.40625
42,4,distance,2.3343538954526584e-06,8.437347158896531e-08,44.31607489829501,2.283911522525529e-05,1.0,0.0,0.375
42,4,magnitude,2.0028881633860305e-06,6.558382474986064e-08,38.32387013662683,1.5340780158539312e-05,1.0,0.0,0.375
42,4,fisher_proxy,1.2486864997440783e-06,8.254233169095967e-08,32.033139126948754,1.4632144036589135e-05,1.0,0.0,0.375
42,4,oracle_edge_current,1.2486864997440783e-06,8.254233169095967e-08,32.033139126948754,1.4632144036589135e-05,1.0,0.0,0.375
42,4,learned_gate,1.2486864997440783e-06,8.254233169095967e-08,32.033139126948754,1.4632144036589135e-05,1.0,0.0,0.375
43,6,distance,1.0178435040530953e-06,6.137227577789582e-08,29.56168570415219,8.324003551109012e-06,1.0,0.0,0.38888888888888884
43,6,magnitude,1.004340013225265e-06,6.088214735917121e-08,29.303769385275334,8.295881275961599e-06,1.0,0.0,0.38888888888888884
43,6,fisher_proxy,7.04191117846531e-07,7.006373615502469e-08,28.361874058968063,7.408594087663046e-06,1.0,0.0,0.38888888888888884
43,6,oracle_edge_current,7.448347489615962e-07,5.730465031548158e-08,25.893815749567615,6.715665993993194e-06,1.0,0.0,0.38888888888888884
43,6,learned_gate,7.448347489615962e-07,5.730465031548158e-08,25.893815749567615,6.715665993993194e-06,1.0,0.0,0.38888888888888884
44,8,distance,2.1573614796735936e-06,1.257419664056497e-07,35.046430714495905,1.4209060802271052e-05,1.0,0.0,0.40625
44,8,magnitude,2.227537941921579e-06,1.1514580206027643e-07,34.772115377494515,1.2238512318588496e-05,1.0,0.0,0.40625
44,8,fisher_proxy,1.2624667980000447e-06,1.2773761893138498e-07,28.564779013381614,9.935745316572001e-06,1.0,0.0,0.40625
44,8,oracle_edge_current,1.2894338616421344e-06,1.1255503670259299e-07,27.126243411642747,9.107063534660163e-06,1.0,0.0,0.40625
44,8,learned_gate,1.2894338616421344e-06,1.1255503670259299e-07,27.126243411642747,9.107063534660163e-06,1.0,0.0,0.40625
45,4,distance,2.8947956433850173e-06,1.0702635492946145e-07,41.25453729786128,2.8391228418273933e-05,1.0,0.0,0.375
45,4,magnitude,2.0837690838527987e-06,1.1310382068554625e-07,33.048539001894014,2.9311329441840416e-05,1.0,0.0,0.375
45,4,fisher_proxy,1.5364622366268824e-06,1.1017174345488349e-07,30.474865588697753,1.8775126640916286e-05,1.0,0.0,0.375
45,4,oracle_edge_current,1.5364622366268824e-06,1.1017174345488349e-07,30.474865588697753,1.8775126640916286e-05,1.0,0.0,0.375
45,4,learned_gate,1.5364622366268824e-06,1.1017174345488349e-07,30.474865588697753,1.8775126640916286e-05,1.0,0.0,0.375
46,6,distance,4.718286550424069e-06,2.2466511390760093e-07,42.276080652669876,3.482029151735875e-05,1.0,0.0,0.38888888888888884
46,6,magnitude,3.6578403302048082e-06,2.297455475987718e-07,36.147936786699994,3.103499514325642e-05,1.0,0.0,0.38888888888888884
46,6,fisher_proxy,2.8308281279304137e-06,2.1587021402511344e-07,32.50491899595562,2.734532218601568e-05,1.0,0.0,0.38888888888888884
46,6,oracle_edge_current,2.3958743436395484e-06,2.2784607626611237e-07,30.141971049355814,2.5471998334981897e-05,1.0,0.0,0.38888888888888884
46,6,learned_gate,2.7173301384164425e-06,2.2082235083494432e-07,31.20479819397066,2.4959674657277004e-05,1.0,0.0,0.38888888888888884
47,8,distance,9.182933430158339e-07,5.0495265485444904e-08,28.855918450978013,5.567775705257773e-06,1.0,0.0,0.40625
47,8,magnitude,8.791557352491596e-07,5.353493266298846e-08,28.196145965525282,6.0962854615132106e-06,1.0,0.0,0.40625
47,8,fisher_proxy,5.557648990457224e-07,5.369288847270711e-08,24.46355295187064,4.24394805802172e-06,1.0,0.0,0.40625
47,8,oracle_edge_current,5.637103384803499e-07,4.7213595991020655e-08,23.15101893561583,3.887252010406559e-06,1.0,0.0,0.40625
47,8,learned_gate,5.890848307869845e-07,4.571065394001379e-08,23.171475900059534,4.1458053344206055e-06,1.0,0.0,0.40625
48,4,distance,3.3694551558815315e-06,1.0819513845572367e-07,48.85084487518389,2.9978094643447346e-05,1.0,0.0,0.375
48,4,magnitude,2.4831255130465696e-06,1.1355245444748126e-07,39.48309695882905,3.085652378331388e-05,1.0,0.0,0.375
48,4,fisher_proxy,1.8861375079219355e-06,1.0648651865640506e-07,35.63481634240462,1.9503489440192103e-05,1.0,0.0,0.375
48,4,oracle_edge_current,1.716818041612936e-06,1.239747609400036e-07,33.78508372321364,2.6584810888666874e-05,1.0,0.0,0.375
48,4,learned_gate,1.716818041612936e-06,1.239747609400036e-07,33.78508372321364,2.6584810888666874e-05,1.0,0.0,0.375
49,6,distance,1.0900057320011615e-06,6.365556521514562e-08,29.381476872443614,8.578124870246635e-06,1.0,0.0,0.38888888888888884
49,6,magnitude,1.0702782513878512e-06,6.175372441308024e-08,28.76302444201409,8.46461947892865e-06,1.0,0.0,0.38888888888888884
49,6,fisher_proxy,6.971737859755069e-07,7.02877318689545e-08,26.572033425668074,7.203240695238538e-06,1.0,0.0,0.38888888888888884
49,6,oracle_edge_current,7.311925224339859e-07,6.051577226446497e-08,25.160878625510353,6.444467109171941e-06,1.0,0.0,0.38888888888888884
49,6,learned_gate,7.311925224339859e-07,6.051577226446497e-08,25.160878625510353,6.444467109171941e-06,1.0,0.0,0.38888888888888884
50,8,distance,1.4824741454832803e-06,9.452028287251004e-08,34.02301884008028,9.592177595033135e-06,1.0,0.0,0.40625
50,8,magnitude,1.9160867241831136e-06,9.941693564564787e-08,39.57332841027066,1.1991270504754156e-05,1.0,0.0,0.40625
50,8,fisher_proxy,1.0217692267722178e-06,1.045315676766148e-07,32.019293353843864,7.81532932475212e-06,1.0,0.0,0.40625
50,8,oracle_edge_current,1.0716747949644085e-06,8.402689924782869e-08,29.833690489177606,7.275255632098027e-06,1.0,0.0,0.40625
50,8,learned_gate,1.1211566294209996e-06,8.47977453710917e-08,29.8952288060293,7.590009610371368e-06,1.0,0.0,0.40625
51,4,distance,2.5386602289711085e-06,8.529110183580018e-08,42.053195765964865,2.418702159068531e-05,1.0,0.0,0.375
51,4,magnitude,1.8228540008662548e-06,8.994798737385334e-08,33.53968933941588,2.493349465137763e-05,1.0,0.0,0.375
51,4,fisher_proxy,1.2956767885090315e-06,8.482456970859496e-08,30.014965702434637,1.5013911538689951e-05,1.0,0.0,0.375
51,4,oracle_edge_current,1.2956767885090315e-06,8.482456970859496e-08,30.014965702434637,1.5013911538689951e-05,1.0,0.0,0.375
51,4,learned_gate,1.2956767885090315e-06,8.482456970859496e-08,30.014965702434637,1.5013911538689951e-05,1.0,0.0,0.375
52,6,distance,2.8339026946364033e-06,1.8802149069641672e-07,32.94375300142618,2.4820479980458722e-05,1.0,0.0,0.38888888888888884
52,6,magnitude,3.243208223929761e-06,1.703196423599151e-07,33.125417562603246,2.9039033809948904e-05,1.0,0.0,0.38888888888888884
52,6,fisher_proxy,2.098107628168329e-06,2.2786850752459853e-07,33.26472276718154,2.378978614603752e-05,1.0,0.0,0.38888888888888884
52,6,oracle_edge_current,1.960962893317782e-06,1.5838647705198414e-07,26.625067608365626,1.851830916197879e-05,1.0,0.0,0.38888888888888884
52,6,learned_gate,1.960962893317782e-06,1.5838647705198414e-07,26.625067608365626,1.851830916197879e-05,1.0,0.0,0.38888888888888884
53,8,distance,2.4050409142691945e-06,1.509992109791956e-07,30.70182864313592,1.5970377006713698e-05,1.0,0.0,0.40625
53,8,magnitude,2.661950828426393e-06,1.5475239378027572e-07,32.193367640961554,1.7994248899120472e-05,1.0,0.0,0.40625
53,8,fisher_proxy,1.6446337040869572e-06,1.765453384453683e-07,29.560895226225735,1.3308836877573209e-05,1.0,0.0,0.40625
53,8,oracle_edge_current,1.7738507572358924e-06,1.3772957826181188e-07,26.79013299012862,1.2077349671733017e-05,1.0,0.0,0.40625
53,8,learned_gate,1.8229421989731745e-06,1.3642027435554715e-07,26.851917441495722,1.2735148927258157e-05,1.0,0.0,0.40625
54,4,distance,1.562871192530707e-06,5.5266457609678066e-08,31.74666031970329,1.543892503515736e-05,1.0,0.0,0.375
54,4,magnitude,1.3002684166102627e-06,4.033922395873815e-08,26.502680765800335,9.534710034570418e-06,1.0,0.0,0.375
54,4,fisher_proxy,7.533799998266089e-07,6.136614714553843e-08,23.840625159042723,1.012622976659563e-05,1.0,0.0,0.375
54,4,oracle_edge_current,8.916995044608069e-07,5.5436871779971745e-08,21.992110794942235,1.2378060117171518e-05,1.0,0.0,0.375
54,4,learned_gate,8.916995044608069e-07,5.5436871779971745e-08,21.992110794942235,1.2378060117171518e-05,1.0,0.0,0.375
55,6,distance,9.499205849168348e-07,5.850628759704595e-08,27.155230958066184,8.158787748263703e-06,1.0,0.0,0.38888888888888884
55,6,magnitude,1.2164520083231961e-06,6.073511661008258e-08,30.606057774042718,1.0906501360099865e-05,1.0,0.0,0.38888888888888884
55,6,fisher_proxy,6.882865324834657e-07,7.026067166907296e-08,27.571308898389802,7.585119765373938e-06,1.0,0.0,0.38888888888888884
55,6,oracle_edge_current,6.913431324473418e-07,5.001900768889664e-08,23.206415453182593,6.588424782179574e-06,1.0,0.0,0.38888888888888884
55,6,learned_gate,6.913431324473418e-07,5.001900768889664e-08,23.206415453182593,6.588424782179574e-06,1.0,0.0,0.38888888888888884
56,8,distance,6.082253637397968e-07,3.948709922214457e-08,28.251975891304337,3.910450096558406e-06,1.0,0.0,0.40625
56,8,magnitude,8.170645861609038e-07,4.19255404001996e-08,33.8566697194357,5.025823235200363e-06,1.0,0.0,0.40625
56,8,fisher_proxy,4.4367274193666634e-07,4.794432955266017e-08,29.168283018099412,3.4001258855892123e-06,1.0,0.0,0.40625
56,8,oracle_edge_current,4.612693339849557e-07,3.5865399425846266e-08,25.063056548284752,3.105857228850278e-06,1.0,0.0,0.40625
56,8,learned_gate,4.612693339849557e-07,3.5865399425846266e-08,25.063056548284752,3.105857228850278e-06,1.0,0.0,0.40625
57,4,distance,1.6956361789872411e-06,6.895142728566478e-08,37.82063505710674,1.834719413946193e-05,1.0,0.0,0.375
57,4,magnitude,1.4191983705132024e-06,6.478799334296879e-08,34.11896608409804,1.4106625891109853e-05,1.0,0.0,0.375
57,4,fisher_proxy,8.508593248206733e-07,7.02313490319881e-08,28.549816928038986,1.1502837227743979e-05,1.0,0.0,0.375
57,4,oracle_edge_current,9.997549388412815e-07,7.005585752975181e-08,28.27227379069102,1.4842855884698419e-05,1.0,0.0,0.375
57,4,learned_gate,8.508593248206733e-07,7.02313490319881e-08,28.549816928038986,1.1502837227743979e-05,1.0,0.0,0.375
58,6,distance,3.1720279429508595e-06,1.7169513529721758e-07,38.49872014624848,2.4758661671107146e-05,1.0,0.0,0.38888888888888884
58,6,magnitude,3.777392049167614e-06,1.792005305384686e-07,42.18664218652158,3.1149652547216345e-05,1.0,0.0,0.38888888888888884
58,6,fisher_proxy,2.0928514253761023e-06,1.821503290445946e-07,33.32377216800712,2.1203787635425834e-05,1.0,0.0,0.38888888888888884
58,6,oracle_edge_current,2.3312753217196817e-06,1.5614685762149532e-07,32.492600233246556,1.9772693887513752e-05,1.0,0.0,0.38888888888888884
58,6,learned_gate,2.3312753217196817e-06,1.5614685762149532e-07,32.492600233246556,1.9772693887513752e-05,1.0,0.0,0.38888888888888884
59,8,distance,1.8669897648133e-06,1.3543384243705296e-07,22.808872460081005,1.332541599998977e-05,1.0,0.0,0.40625
59,8,magnitude,2.201278191127596e-06,1.1329957844844172e-07,23.542262287373635,1.3498976442740056e-05,1.0,0.0,0.40625
59,8,fisher_proxy,1.6206646083052888e-06,1.9677005944489565e-07,28.432634432263637,1.3572322759009697e-05,1.0,0.0,0.40625
59,8,oracle_edge_current,1.3711147985806063e-06,1.082191940235527e-07,19.162838429285657,1.0194737634322036e-05,1.0,0.0,0.40625
59,8,learned_gate,1.3711147985806063e-06,1.082191940235527e-07,19.162838429285657,1.0194737634322036e-05,1.0,0.0,0.40625
60,4,distance,3.932516716033917e-06,1.666187431602018e-07,47.7222139968853,4.2992622804733815e-05,1.0,0.0,0.375
60,4,magnitude,3.1021378579462628e-06,1.3431888073146252e-07,40.38501705303413,2.911171359732933e-05,1.0,0.0,0.375
60,4,fisher_proxy,2.045787480710557e-06,1.522337042396258e-07,33.91990542585196,2.5599316628676925e-05,1.0,0.0,0.375
60,4,oracle_edge_current,2.045787480710557e-06,1.522337042396258e-07,33.91990542585196,2.5599316628676925e-05,1.0,0.0,0.375
60,4,learned_gate,2.045787480710557e-06,1.522337042396258e-07,33.91990542585196,2.5599316628676925e-05,1.0,0.0,0.375
61,6,distance,2.5588857242901084e-06,1.3963011195067015e-07,41.1339242550421,2.017453554156936e-05,1.0,0.0,0.38888888888888884
61,6,magnitude,2.7844274461275134e-06,1.305211519120922e-07,42.090515513140915,2.2472850611117635e-05,1.0,0.0,0.38888888888888884
61,6,fisher_proxy,1.6925009667653642e-06,1.4455390033121166e-07,35.03965952361759,1.7076425639612644e-05,1.0,0.0,0.38888888888888884
61,6,oracle_edge_current,1.758950733731004e-06,1.4023260477693698e-07,34.815299780976076,1.7357836583588686e-05,1.0,0.0,0.38888888888888884
61,6,learned_gate,1.9159488809094546e-06,1.273575491587306e-07,34.93891526087419,1.629152092922601e-05,1.0,0.0,0.38888888888888884
62,8,distance,1.594319932372625e-06,1.1061640822122275e-07,24.18226178838739,1.1024233133376465e-05,1.0,0.0,0.40625
62,8,magnitude,1.632057065371432e-06,1.0921636189579207e-07,24.352214346231666,1.1340494103918992e-05,1.0,0.0,0.40625
62,8,fisher_proxy,1.2182761457482187e-06,1.448149031635928e-07,27.02762988746156,1.0094315123332095e-05,1.0,0.0,0.40625
62,8,oracle_edge_current,1.1832707046785517e-06,1.0040936298975501e-07,21.534919586173544,8.630223683009947e-06,1.0,0.0,0.40625
62,8,learned_gate,1.2170243106531438e-06,9.642814484991113e-08,21.576345258763112,9.151028231106173e-06,1.0,0.0,0.40625
63,4,distance,2.2293160939249102e-06,8.856295881774586e-08,46.592508282290055,2.2301218047167875e-05,1.0,0.0,0.375
63,4,magnitude,1.9171049306574857e-06,8.379885545667637e-08,42.62708247620031,1.7400692048868054e-05,1.0,0.0,0.375
63,4,fisher_proxy,1.236475338584151e-06,8.97322841148021e-08,35.55503443825509,1.5007619008925691e-05,1.0,0.0,0.375
63,4,oracle_edge_current,1.26926341061905e-06,8.518077523662937e-08,35.288454279317186,1.6621350655721696e-05,1.0,0.0,0.375
63,4,learned_gate,1.3795119021483537e-06,9.031219249345335e-08,35.58792953887579,1.8274835553761032e-05,1.0,0.0,0.375
64,6,distance,9.910359043641589e-07,5.6012525249921105e-08,30.05993804358471,7.776568501533499e-06,1.0,0.0,0.38888888888888884
64,6,magnitude,9.306973379227349e-07,4.880081823923893e-08,28.020850015979708,6.970759107565243e-06,1.0,0.0,0.38888888888888884
64,6,fisher_proxy,6.732406186459501e-07,6.449731034079312e-08,28.37400816883739,6.956897543292705e-06,1.0,0.0,0.38888888888888884
64,6,oracle_edge_current,7.069014117955241e-07,5.161462083921886e-08,25.647077314814805,6.165643648562928e-06,1.0,0.0,0.38888888888888884
64,6,learned_gate,7.069014117955241e-07,5.161462083921886e-08,25.647077314814805,6.165643648562928e-06,1.0,0.0,0.38888888888888884
65,8,distance,3.6342974730827853e-06,2.1855301857619765e-07,38.2722992545678,2.337210431861815e-05,1.0,0.0,0.40625
65,8,magnitude,4.22443654373809e-06,2.040248445387498e-07,41.11433776778731,2.511563717048119e-05,1.0,0.0,0.40625
65,8,fisher_proxy,2.366278263397914e-06,2.2723986308541072e-07,32.94333302275475,1.820430623240969e-05,1.0,0.0,0.40625
65,8,oracle_edge_current,2.496252325363361e-06,1.990853522733477e-07,31.97759858366317,1.7931908253555883e-05,1.0,0.0,0.40625
65,8,learned_gate,2.496252325363361e-06,1.990853522733477e-07,31.97759858366317,1.7931908253555883e-05,1.0,0.0,0.40625
66,4,distance,1.3975152727850603e-06,4.8059174544249793e-08,49.72795724452698,1.2621210413739729e-05,1.0,0.0,0.375
66,4,magnitude,9.219774466958282e-07,4.864543210839618e-08,37.88710931575832,1.0822643440351717e-05,1.0,0.0,0.375
66,4,fisher_proxy,7.41338889302436e-07,4.475893311603656e-08,34.83873278752781,7.804381114214032e-06,1.0,0.0,0.375
66,4,oracle_edge_current,7.41338889302436e-07,4.475893311603656e-08,34.83873278752781,7.804381114214032e-06,1.0,0.0,0.375
66,4,learned_gate,7.41338889302436e-07,4.475893311603656e-08,34.83873278752781,7.804381114214032e-06,1.0,0.0,0.375
67,6,distance,1.551608269606657e-06,9.175139063567276e-08,29.363392052083398,1.2808743155115574e-05,1.0,0.0,0.38888888888888884
67,6,magnitude,1.983770129121547e-06,9.780734059625086e-08,33.49654013306923,1.736834548436135e-05,1.0,0.0,0.38888888888888884
67,6,fisher_proxy,1.0767417655025794e-06,1.068732772724116e-07,28.422359557298822,1.1595993713204957e-05,1.0,0.0,0.38888888888888884
67,6,oracle_edge_current,1.1170619867377496e-06,8.505401712856165e-08,25.470839668197844,1.0235500683760444e-05,1.0,0.0,0.38888888888888884
67,6,learned_gate,1.1170619867377496e-06,8.505401712856165e-08,25.470839668197844,1.0235500683760444e-05,1.0,0.0,0.38888888888888884
68,8,distance,2.356786829076432e-06,1.4493352168662272e-07,37.83568108908002,1.4967839380591606e-05,1.0,0.0,0.40625
68,8,magnitude,2.0261180672467157e-06,1.1875806509333106e-07,33.33810989762176,1.2442608590332139e-05,1.0,0.0,0.40625
68,8,fisher_proxy,1.4698748152397005e-06,1.3813036334238332e-07,30.23137617275517,1.094345549051228e-05,1.0,0.0,0.40625
68,8,oracle_edge_current,1.505878037245135e-06,1.228520458822995e-07,29.48627412801971,1.0590214347701608e-05,1.0,0.0,0.40625
68,8,learned_gate,1.505878037245135e-06,1.228520458822995e-07,29.48627412801971,1.0590214347701608e-05,1.0,0.0,0.40625
69,4,distance,2.165817875606398e-06,8.870425827639565e-08,45.705321763816045,2.2670703918839414e-05,1.0,0.0,0.375
69,4,magnitude,1.8980314378483353e-06,8.573531166957131e-08,42.463019067492205,1.8442035028882305e-05,1.0,0.0,0.375
69,4,fisher_proxy,1.1643039616495109e-06,8.515743624646861e-08,33.58612184198404,1.4245566825653954e-05,1.0,0.0,0.375
69,4,oracle_edge_current,1.1643039616495109e-06,8.515743624646861e-08,33.58612184198404,1.4245566825653954e-05,1.0,0.0,0.375
69,4,learned_gate,1.1643039616495109e-06,8.515743624646861e-08,33.58612184198404,1.4245566825653954e-05,1.0,0.0,0.375
70,6,distance,2.1635123058239697e-06,9.742892937801176e-08,37.93477768885688,1.4519193932229573e-05,1.0,0.0,0.38888888888888884
70,6,magnitude,1.463335058945967e-06,9.208992552930588e-08,29.19201192379622,1.1832379919935365e-05,1.0,0.0,0.38888888888888884
70,6,fisher_proxy,1.1622808402839367e-06,9.51844103001435e-08,27.078706616292624,1.1436497033662829e-05,1.0,0.0,0.38888888888888884
70,6,oracle_edge_current,1.1910192234538865e-06,9.26982140460706e-08,26.71023847982667,1.1163346761450703e-05,1.0,0.0,0.38888888888888884
70,6,learned_gate,1.2030229644622441e-06,9.228811493487159e-08,26.828664258646267,1.1614227911940454e-05,1.0,0.0,0.38888888888888884
71,8,distance,1.3819207656384548e-06,8.513230067717178e-08,37.547701740476526,8.536563376995114e-06,1.0,0.0,0.40625
71,8,magnitude,1.6683565111486516e-06,8.707400217735467e-08,41.82230424195736,9.787683019625741e-06,1.0,0.0,0.40625
71,8,fisher_proxy,9.518299235727659e-07,9.241119443142843e-08,34.628996133265375,6.996270639051357e-06,1.0,0.0,0.40625
71,8,oracle_edge_current,9.791912063318124e-07,8.044254621137392e-08,33.07078019905703,6.9067474142635405e-06,1.0,0.0,0.40625
71,8,learned_gate,1.0082129147025628e-06,8.006781071194693e-08,33.0662450809238,7.085056013025461e-06,1.0,0.0,0.40625
72,4,distance,2.733379031192214e-06,1.0538103325609175e-07,32.83868296726789,2.9114162082334783e-05,1.0,0.0,0.375
72,4,magnitude,1.674783316057508e-06,1.0694156765741676e-07,24.21495142638755,2.4174137501112942e-05,1.0,0.0,0.375
72,4,fisher_proxy,1.3199415941573626e-06,1.0972285162741788e-07,24.35418847679615,1.8180759058504943e-05,1.0,0.0,0.375
72,4,oracle_edge_current,1.674783316057508e-06,1.0694156765741676e-07,24.21495142638755,2.4174137501112942e-05,1.0,0.0,0.375
72,4,learned_gate,1.674783316057508e-06,1.0694156765741676e-07,24.21495142638755,2.4174137501112942e-05,1.0,0.0,0.375
73,6,distance,2.640718984527809e-06,1.3411620761715084e-07,39.79365395553533,2.0480925714215177e-05,1.0,0.0,0.38888888888888884
73,6,magnitude,2.5118206318788054e-06,1.1778235347831215e-07,37.37151342942923,1.8696260960181204e-05,1.0,0.0,0.38888888888888884
73,6,fisher_proxy,1.6804820664343665e-06,1.3749167209788863e-07,32.44261670041629,1.7215062161864198e-05,1.0,0.0,0.38888888888888884
73,6,oracle_edge_current,1.647838246128548e-06,1.2664551284373744e-07,30.822181216127674,1.5844912567147208e-05,1.0,0.0,0.38888888888888884
73,6,learned_gate,1.647838246128548e-06,1.2664551284373744e-07,30.822181216127674,1.5844912567147208e-05,1.0,0.0,0.38888888888888884
74,8,distance,1.3227262841248934e-06,8.637026872159042e-08,32.804104871685325,8.477533348079548e-06,1.0,0.0,0.40625
74,8,magnitude,1.640662090043251e-06,8.94474019922548e-08,37.17576148691766,1.0054350124477138e-05,1.0,0.0,0.40625
74,8,fisher_proxy,9.389563504435027e-07,9.703450454399886e-08,31.810242095239083,7.0396518973426824e-06,1.0,0.0,0.40625
74,8,oracle_edge_current,9.485513407586711e-07,7.658345425116442e-08,28.870855445917627,6.374204228960961e-06,1.0,0.0,0.40625
74,8,learned_gate,9.983584607457724e-07,7.747602488259759e-08,28.962098604855342,6.68515119816032e-06,1.0,0.0,0.40625
