forward_scenario,load_w,phase_deg,temperature_c,grounding,added_cps_pf,repeat,true_rs_ohm,true_cps_pf,estimated_rs_ohm,estimated_ls_uh,estimated_cps_pf,cps_error_pct,true_ips_rms_a,predicted_ips_rms_a,total_capacitive_source_rms_a,cps_only_total_source_error_pct,valid_frequency_count,median_condition,physics_fit_cost
matched_switching,250.0,5.572516323178269,25.0,baseline,0.0,0,0.095,28.36,0.09790998664374914,95.99902764770808,28.36598855045914,0.02111618638624182,0.025716510169269815,0.025721940515489195,0.01000257559896507,157.1531728103165,105,2.4192000704746426,3.9772820885504934e-05
matched_switching,250.0,5.572516323178269,25.0,baseline,0.0,1,0.095,28.36,0.09748928830444423,96.00066071268043,28.328160432056475,-0.11226928047787128,0.025716510169269815,0.025687638428338756,0.01000257559896507,156.81024026448313,105,2.4177129613119757,2.870468420686813e-05
matched_switching,250.0,5.572516323178269,25.0,baseline,0.0,2,0.095,28.36,0.08991566178063182,95.99603796174827,28.3574694766241,-0.008922860986947135,0.025716510169269815,0.025714215520816718,0.01000257559896507,157.0759427549568,105,2.4174634083464803,3.4077369926563664e-05
matched_switching,250.0,5.572516323178269,25.0,baseline,5.0,0,0.095,33.36,0.08999139001747425,96.00313921553789,33.328387933198755,-0.09476039209005979,0.030250450608139672,0.030221785162534393,0.01293061911040041,133.7226462592675,105,2.4212391789459606,2.6389371947505162e-05
matched_switching,250.0,5.572516323178269,25.0,baseline,5.0,1,0.095,33.36,0.09915093108210299,95.99881479317253,33.37967869375302,0.05898889014693628,0.030250450608139672,0.030268295013217865,0.01293061911040041,134.0823339918221,105,2.4144285877185814,2.2359039252952936e-05
matched_switching,250.0,5.572516323178269,25.0,baseline,5.0,2,0.095,33.36,0.09277021012822542,96.00238556060908,33.32950887349149,-0.09140025931807465,0.030250450608139672,0.030222801617838944,0.01293061911040041,133.73050709946293,105,2.421416302756494,2.6140564507022528e-05
matched_switching,250.0,5.572516323178269,25.0,baseline,10.0,0,0.095,38.36,0.09611767167308691,95.99577908257179,38.406103185584655,0.12018557243133646,0.034784391047009526,0.03482619686650613,0.01659709415379487,109.83309815437322,105,2.4185975929448777,2.2111462161939902e-05
matched_switching,250.0,5.572516323178269,25.0,baseline,10.0,1,0.095,38.36,0.0924261494893081,96.00230394272911,38.30897718436297,-0.13301046829256274,0.034784391047009526,0.03473812416558518,0.01659709415379487,109.30244682405701,105,2.4181293756604885,2.551747027543384e-05
matched_switching,250.0,5.572516323178269,25.0,baseline,10.0,2,0.095,38.36,0.09473268924504469,96.00084357554778,38.37279885745694,0.03336511328712983,0.034784391047009526,0.0347959968984886,0.01659709415379487,109.65113878402994,105,2.421648146461422,2.692540765796156e-05
matched_switching,250.0,5.572516323178269,25.0,asymmetric,0.0,0,0.095,28.36,0.09809389075345928,96.00561628563669,28.326183607224863,-0.11923974885450582,0.025716510169269815,0.025685845867129836,0.05730972658729351,55.18065187764339,105,2.4182263793945515,3.313386046091495e-05
matched_switching,250.0,5.572516323178269,25.0,asymmetric,0.0,1,0.095,28.36,0.09557962862148392,96.00148089430085,28.314401306767742,-0.1607852370672018,0.025716510169269815,0.025675161817428745,0.05730972658729351,55.19929452407937,105,2.4170037259248933,2.659935694849032e-05
matched_switching,250.0,5.572516323178269,25.0,asymmetric,0.0,2,0.095,28.36,0.10080825015743256,96.00110610580886,28.350313380945273,-0.034155920503270806,0.025716510169269815,0.025707726458500186,0.05730972658729351,55.14247233522835,105,2.4185744406213066,2.9734716106914334e-05
matched_switching,250.0,5.572516323178269,25.0,asymmetric,5.0,0,0.095,33.36,0.0937212821207846,96.00282509834885,33.34296333627412,-0.05106913586895526,0.030250450608139672,0.030235001964417633,0.05353362000666873,43.521469385684675,105,2.4183782608764663,3.4982430564791575e-05
matched_switching,250.0,5.572516323178269,25.0,asymmetric,5.0,1,0.095,33.36,0.09359851107796036,95.99747455205596,33.3794600704052,0.05833354438010184,0.030250450608139672,0.030268096768170355,0.05353362000666873,43.45964878818239,105,2.416916241221167,2.526297070399608e-05
matched_switching,250.0,5.572516323178269,25.0,asymmetric,5.0,2,0.095,33.36,0.09559458601222262,96.00341038299482,33.32868695749683,-0.09386403628050727,0.030250450608139672,0.03022205631420583,0.05353362000666873,43.545651666296735,105,2.4162129226898017,2.8661663716130377e-05
matched_switching,250.0,5.572516323178269,25.0,asymmetric,10.0,0,0.095,38.36,0.08646584272021124,95.99909465985067,38.354571990175884,-0.0141501820232354,0.034784391047009526,0.0347794689923607,0.049883919376216904,30.279197329986733,105,2.415693553778273,3.153693698945447e-05
matched_switching,250.0,5.572516323178269,25.0,asymmetric,10.0,1,0.095,38.36,0.10797660107406609,96.00476264568663,38.33747686705562,-0.058715153661045565,0.034784391047009526,0.03476396733835622,0.049883919376216904,30.31027278315546,105,2.4189153763353155,2.40582130698437e-05
matched_switching,250.0,5.572516323178269,25.0,asymmetric,10.0,2,0.095,38.36,0.10311247516921077,96.00077673769108,38.37198650172198,0.031247397606825402,0.034784391047009526,0.0347952602639851,0.049883919376216904,30.247541293689135,105,2.4213850995872623,2.4065150208608688e-05
matched_switching,250.0,5.572516323178269,80.0,baseline,0.0,0,0.11553425,28.36,0.11323828379823773,95.99734041441157,28.408731167059468,0.1718306313803519,0.025716510169269815,0.025760699011062663,0.01000257559896507,157.54065796541468,105,2.4184045405178933,3.850927792854823e-05
matched_switching,250.0,5.572516323178269,80.0,baseline,0.0,1,0.11553425,28.36,0.11131339334432097,95.99499747939782,28.367510411703183,0.02648241080106914,0.025716510169269815,0.025723320521136538,0.01000257559896507,157.16696931336398,105,2.4181553381581713,2.973969136721485e-05
matched_switching,250.0,5.572516323178269,80.0,baseline,0.0,2,0.11553425,28.36,0.11673733177341045,96.0006253769368,28.36916027485604,0.032299981861920936,0.025716510169269815,0.025724816597390007,0.01000257559896507,157.18192622359848,105,2.421483892328285,3.873525591323128e-05
matched_switching,250.0,5.572516323178269,80.0,baseline,5.0,0,0.11553425,33.36,0.1273949403153232,95.9996301602088,33.348602244987816,-0.034165932290728625,0.030250450608139672,0.030240115259667258,0.01293061911040041,133.86440356397478,105,2.419582345235662,2.7094241937760982e-05
matched_switching,250.0,5.572516323178269,80.0,baseline,5.0,1,0.11553425,33.36,0.10913481006979042,95.99851378072904,33.381077154063476,0.06318091745645438,0.030250450608139672,0.030269563120368603,0.01293061911040041,134.09214100214322,105,2.420070825052491,3.168752953475069e-05
matched_switching,250.0,5.572516323178269,80.0,baseline,5.0,2,0.11553425,33.36,0.12154894372794058,96.00086162729517,33.370628578091015,0.03186024607617717,0.030250450608139672,0.030260088476142578,0.01293061911040041,134.0188680664459,105,2.418763467543996,2.482298306578942e-05
matched_switching,250.0,5.572516323178269,80.0,baseline,10.0,0,0.11553425,38.36,0.11844194583712007,96.00122141708275,38.34336057673113,-0.0433770158208311,0.034784391047009526,0.03476930261620188,0.01659709415379487,109.4903016999033,105,2.421503016860476,2.293503765983714e-05
matched_switching,250.0,5.572516323178269,80.0,baseline,10.0,1,0.11553425,38.36,0.117617394710385,96.00203321629101,38.35297471859893,-0.018314080816137765,0.034784391047009526,0.03477802060552178,0.01659709415379487,109.5428289027926,105,2.4190701214138044,2.81404476082051e-05
matched_switching,250.0,5.572516323178269,80.0,baseline,10.0,2,0.11553425,38.36,0.1201464006306502,96.00251667072658,38.360146765197456,0.0003825995762660872,0.034784391047009526,0.034784524131942274,0.01659709415379487,109.58201363212072,105,2.418720796920462,2.5169276158539977e-05
matched_switching,250.0,5.572516323178269,80.0,asymmetric,0.0,0,0.11553425,28.36,0.11485336133807107,96.0002371921772,28.38111123865519,0.07444019271928504,0.025716510169269815,0.025735653589000495,0.05730972658729351,55.09374215945656,106,2.422078685236183,3.103909373580238e-05
matched_switching,250.0,5.572516323178269,80.0,asymmetric,0.0,1,0.11553425,28.36,0.11342902015386094,95.99802596887824,28.356678582405625,-0.011711627624736282,0.025716510169269815,0.02571349834736071,0.05730972658729351,55.132400940363574,105,2.41757665702062,3.1157342278676295e-05
matched_switching,250.0,5.572516323178269,80.0,asymmetric,0.0,2,0.11553425,28.36,0.1156955506891968,95.99848195117524,28.39975586021268,0.1401828639375143,0.025716510169269815,0.02575256030972988,0.05730972658729351,55.06424154632132,106,2.4219779676720044,3.503014632902426e-05
matched_switching,250.0,5.572516323178269,80.0,asymmetric,5.0,0,0.11553425,33.36,0.11159656195137631,95.99859052975046,33.37096934520397,0.032881730227724136,0.030250450608139672,0.03026039747970131,0.05353362000666873,43.47403094367288,105,2.4143497939100387,2.7204469457170426e-05
matched_switching,250.0,5.572516323178269,80.0,asymmetric,5.0,1,0.11553425,33.36,0.11039338446530068,95.99944132300311,33.34933660435618,-0.03196461523926354,0.030250450608139672,0.030240781167994637,0.05353362000666873,43.51067392000109,105,2.4180424615501703,2.7819270540330517e-05
matched_switching,250.0,5.572516323178269,80.0,asymmetric,5.0,2,0.11553425,33.36,0.11676331636095277,95.99716177625142,33.43421184200431,0.22245755996495814,0.030250450608139672,0.03031774502244094,0.05353362000666873,43.36690659315729,106,2.422948076921254,2.7187644719206637e-05
matched_switching,250.0,5.572516323178269,80.0,asymmetric,10.0,0,0.11553425,38.36,0.12016719250132948,95.99615915179223,38.37198100139528,0.03123305890323439,0.034784391047009526,0.03479525527635437,0.049883919376216904,30.247551292163184,105,2.4206191506839967,2.200114135043102e-05
matched_switching,250.0,5.572516323178269,80.0,asymmetric,10.0,1,0.11553425,38.36,0.11700713064496227,95.99989383757027,38.37485239640033,0.03871844734185192,0.034784391047009526,0.03479785902314025,0.049883919376216904,30.242331680676276,106,2.4220022155659358,2.311509287706353e-05
matched_switching,250.0,5.572516323178269,80.0,asymmetric,10.0,2,0.11553425,38.36,0.11302676083946983,95.99572427125675,38.39776386270787,0.09844594032292231,0.034784391047009526,0.03481863486786135,0.049883919376216904,30.200683299833507,105,2.421760340327282,2.6606780723875037e-05
matched_switching,750.0,18.0,25.0,baseline,0.0,0,0.095,28.36,0.10378000628002539,95.9982610731024,28.362316091585015,0.008166754531088186,0.02601191955778277,0.026014043887401878,0.01012424568664229,156.94797116316764,110,2.5790968954545175,5.7676416948418664e-05
matched_switching,750.0,18.0,25.0,baseline,0.0,1,0.095,28.36,0.08808482838861628,95.99665177006759,28.364022405577806,0.014183376508486936,0.02601191955778277,0.026015608926270733,0.01012424568664229,156.9634294888276,110,2.5797560195037,6.885770336804296e-05
matched_switching,750.0,18.0,25.0,baseline,0.0,2,0.095,28.36,0.09257048796082655,96.01215157460074,28.184916215705723,-0.6173617217710803,0.02601191955778277,0.025851331923335132,0.01012424568664229,155.3408196863774,111,2.5930088553340758,7.142697217027912e-05
matched_switching,750.0,18.0,25.0,baseline,5.0,0,0.095,33.36,0.10105723655094269,95.99666408248281,33.418288183793806,0.17472477156416263,0.03059794204681358,0.03065140423115821,0.013194241747683943,132.30894823144055,110,2.578631924005547,6.036724472218641e-05
matched_switching,750.0,18.0,25.0,baseline,5.0,1,0.095,33.36,0.08719583713879699,96.00958439472446,33.2655113835898,-0.28323925782434,0.03059794204681358,0.030511276662850664,0.013194241747683943,131.246912451081,110,2.578582217767956,8.3202514102184e-05
matched_switching,750.0,18.0,25.0,baseline,5.0,2,0.095,33.36,0.1000793266299922,95.99352896930252,33.43006236408012,0.21001907697877123,0.03059794204681358,0.030662203562274795,0.013194241747683943,132.39079705097186,112,2.5926842583632768,5.838395294100812e-05
matched_switching,750.0,18.0,25.0,baseline,10.0,0,0.095,38.36,0.11563447405911532,96.00273585152793,38.391607112142765,0.08239601705621757,0.03518396453584439,0.03521295472126439,0.01696286781204609,107.58845209097309,110,2.5791310717326716,5.776350904541326e-05
matched_switching,750.0,18.0,25.0,baseline,10.0,1,0.095,38.36,0.08998325841928691,96.00038296131125,38.30961112495722,-0.13135785986125081,0.03518396453584439,0.03513774763301576,0.01696286781204609,107.14508904009072,112,2.593763239277843,4.7791024246202096e-05
matched_switching,750.0,18.0,25.0,baseline,10.0,2,0.095,38.36,0.10815784253097452,96.00687797590794,38.27799026841891,-0.21378970693713537,0.03518396453584439,0.035108744841174336,0.01696286781204609,106.97411092387367,110,2.5786185320051604,6.844938711558025e-05
matched_switching,750.0,18.0,25.0,asymmetric,0.0,0,0.095,28.36,0.09438448560948759,96.0144942942961,28.196883906744723,-0.575162529108877,0.02601191955778277,0.02586230874338446,0.056658646240710285,54.3541710588879,111,2.592586521612096,7.092274033351096e-05
matched_switching,750.0,18.0,25.0,asymmetric,0.0,1,0.095,28.36,0.0936375767567233,96.00439841184357,28.295953036145928,-0.22583555660815455,0.02601191955778277,0.025953175394464983,0.056658646240710285,54.193795446144726,111,2.5921820599228154,0.00010136202420720485
matched_switching,750.0,18.0,25.0,asymmetric,0.0,2,0.095,28.36,0.09250670261033297,96.00545766124465,28.29284307760794,-0.23680155991558535,0.02601191955778277,0.025950322926505953,0.056658646240710285,54.198829925696025,110,2.5794374803332802,7.242674712988e-05
matched_switching,750.0,18.0,25.0,asymmetric,5.0,0,0.095,33.36,0.08473887047314076,95.9978018800904,33.352144968111254,-0.023546258659315058,0.03059794204681358,0.030590737376234807,0.05284206927255409,42.10912290650305,111,2.591493130081987,7.251616614302963e-05
matched_switching,750.0,18.0,25.0,asymmetric,5.0,1,0.095,33.36,0.09324936281007894,96.00877444665792,33.267570304594706,-0.27706743227007224,0.03059794204681358,0.03051316511445699,0.05284206927255409,42.25592310347812,111,2.5930192459325263,5.962305011575741e-05
matched_switching,750.0,18.0,25.0,asymmetric,5.0,2,0.095,33.36,0.1021552917828281,96.00488230182691,33.300437189946564,-0.17854559368537373,0.03059794204681358,0.03054331076953059,0.05284206927255409,42.19887451418442,111,2.5924589410001158,7.745728063568e-05
matched_switching,750.0,18.0,25.0,asymmetric,10.0,0,0.095,38.36,0.10379538762915937,95.99635980852386,38.3652810195302,0.013766995647039424,0.03518396453584439,0.035188808310710494,0.049157192563455555,28.415748590023096,110,2.579447011263005,4.991399884051161e-05
matched_switching,750.0,18.0,25.0,asymmetric,10.0,1,0.095,38.36,0.0920500691543527,95.99772167614148,38.41356657651116,0.13964175315734986,0.03518396453584439,0.035233096040752504,0.049157192563455555,28.325654490395987,110,2.5789445677429303,4.43343221972361e-05
matched_switching,750.0,18.0,25.0,asymmetric,10.0,2,0.095,38.36,0.09266200232638397,95.99089188486964,38.47374322505913,0.2965151852427932,0.03518396453584439,0.035288290333463604,0.049157192563455555,28.213373276126372,110,2.5794700570219504,5.8476060703076084e-05
matched_switching,750.0,18.0,80.0,baseline,0.0,0,0.11553425,28.36,0.11405106021616271,95.9958366781949,28.406663274223664,0.1645390487435287,0.02601191955778277,0.02605471932278308,0.01012424568664229,157.34973378964034,111,2.591245723797115,7.862349573052363e-05
matched_switching,750.0,18.0,80.0,baseline,0.0,1,0.11553425,28.36,0.11391310926108981,96.00579715235445,28.248760717833168,-0.3922400640579365,0.02601191955778277,0.025909890387846624,0.01012424568664229,155.9192179821512,111,2.591654832364232,5.5194726738538225e-05
matched_switching,750.0,18.0,80.0,baseline,0.0,2,0.11553425,28.36,0.11745439552568433,95.99442008662558,28.431867458441403,0.2534113485239913,0.02601191955778277,0.02607783671391112,0.01012424568664229,157.57807071313619,111,2.589511837346534,6.714981828605303e-05
matched_switching,750.0,18.0,80.0,baseline,5.0,0,0.11553425,33.36,0.12338879152530055,95.99269120098658,33.419781935657646,0.17920244501690905,0.03059794204681358,0.03065277430708633,0.013194241747683943,132.3193321243108,111,2.5908384599409775,6.720953621758062e-05
matched_switching,750.0,18.0,80.0,baseline,5.0,1,0.11553425,33.36,0.11952953650716865,95.999656882336,33.30422344290852,-0.16719591454281058,0.03059794204681358,0.030546783537777133,0.013194241747683943,131.51602132149185,111,2.5914211347539733,7.202541100707564e-05
matched_switching,750.0,18.0,80.0,baseline,5.0,2,0.11553425,33.36,0.10268646142393968,95.98995343829446,33.368005940532676,0.023998622699864847,0.03059794204681358,0.03060528513147932,0.013194241747683943,131.95940863256985,110,2.5785504183678163,5.0123118034187975e-05
matched_switching,750.0,18.0,80.0,baseline,10.0,0,0.11553425,38.36,0.12452104219863375,95.9974211057517,38.37565041726207,0.04079879369675924,0.03518396453584439,0.03519831916894971,0.01696286781204609,107.50217215012317,110,2.578755913614784,6.428310991475535e-05
matched_switching,750.0,18.0,80.0,baseline,10.0,1,0.11553425,38.36,0.11181433231706676,95.9899025414347,38.468760965581396,0.2835270218493176,0.03518396453584439,0.03528372058266139,0.01696286781204609,108.00563308997104,110,2.5784335443190507,5.988266861253844e-05
matched_switching,750.0,18.0,80.0,baseline,10.0,2,0.11553425,38.36,0.11503172032147009,96.00496591967054,38.30378510846913,-0.14654559835992254,0.03518396453584439,0.035132403984488594,0.01696286781204609,107.11358700525571,111,2.592390076068994,5.267906842289685e-05
matched_switching,750.0,18.0,80.0,asymmetric,0.0,0,0.11553425,28.36,0.12142676617737116,95.98688334465598,28.561835648893883,0.7116912866497997,0.02601191955778277,0.026197044122765866,0.056658646240710285,53.76337794681934,111,2.58968288497403,7.482654065315727e-05
matched_switching,750.0,18.0,80.0,asymmetric,0.0,1,0.11553425,28.36,0.11318515158810628,95.99289086316678,28.40633521225074,0.16338227168808891,0.02601191955778277,0.02605441842286595,0.056658646240710285,54.01510598722112,111,2.5908417699579167,7.198145097210275e-05
matched_switching,750.0,18.0,80.0,asymmetric,0.0,2,0.11553425,28.36,0.11325923672578199,96.0069858059652,28.313601649443598,-0.16360490323131552,0.02601191955778277,0.02596936278196165,0.056658646240710285,54.16522542449632,111,2.5916388382474684,9.065474609400577e-05
matched_switching,750.0,18.0,80.0,asymmetric,5.0,0,0.11553425,33.36,0.11393400814894501,96.00533537319619,33.30858544999052,-0.15412035374546346,0.03059794204681358,0.030550784390292195,0.05284206927255409,42.18473119832928,111,2.591635852226397,5.894039816524112e-05
matched_switching,750.0,18.0,80.0,asymmetric,5.0,1,0.11553425,33.36,0.1183556351384115,95.9947706575539,33.39503281112167,0.10501442182755409,0.03059794204681358,0.030630074298745168,0.05284206927255409,42.03468047256378,111,2.5923900331251453,7.18370383765789e-05
matched_switching,750.0,18.0,80.0,asymmetric,5.0,2,0.11553425,33.36,0.12682179472598326,95.9996034573742,33.36067796056071,0.0020322558774104396,0.03059794204681358,0.030598563875289194,0.05284206927255409,42.09431179262706,111,2.5923233658326317,4.984103386645625e-05
matched_switching,750.0,18.0,80.0,asymmetric,10.0,0,0.11553425,38.36,0.11492084675396132,95.99668796158197,38.38792465539606,0.07279628622541373,0.03518396453584439,0.035209577155373345,0.049157192563455555,28.373498730786242,111,2.5913162780026515,5.894157801467405e-05
matched_switching,750.0,18.0,80.0,asymmetric,10.0,1,0.11553425,38.36,0.1050192700981618,95.99816229244084,38.37111917061104,0.028986367599174848,0.03518396453584439,0.03519416308914071,0.049157192563455555,28.40485541620463,110,2.579852679665192,5.706809708430321e-05
matched_switching,750.0,18.0,80.0,asymmetric,10.0,2,0.11553425,38.36,0.12087819241182737,95.99980144658109,38.3315877901792,-0.0740672831616233,0.03518396453584439,0.03515790472920414,0.049157192563455555,28.478615446112293,110,2.579567497708255,4.7170707895857686e-05
weak_cross_mode,250.0,5.572516323178269,25.0,baseline,0.0,0,0.095,28.36,0.3799999999999992,95.98988966852954,28.780565033006468,1.4829514562992518,0.025716510169269815,0.026097873531334345,0.01000257559896507,160.91153496540028,105,2.4171980498887993,0.0007064459968842512
weak_cross_mode,250.0,5.572516323178269,25.0,baseline,0.0,1,0.095,28.36,0.3799999999999992,95.99237877746899,28.765638160952946,1.4303179159130694,0.025716510169269815,0.02608433802156849,0.01000257559896507,160.7762147208099,105,2.4161579203002135,0.0007069505419445765
weak_cross_mode,250.0,5.572516323178269,25.0,baseline,0.0,2,0.095,28.36,0.3799985823792567,96.04302518982067,28.719631409551294,1.2680938277549223,0.025716510169269815,0.026042619647440292,0.01000257559896507,160.3591384016615,106,2.423226414511955,0.0005937799735546759
weak_cross_mode,250.0,5.572516323178269,25.0,baseline,5.0,0,0.095,33.36,0.37999999999999995,95.9821983469443,33.901157687811356,1.6221753231755285,0.030250450608139672,0.030741165953054317,0.01293061911040041,137.7393200634025,105,2.4165591626085927,0.0006172779708366906
weak_cross_mode,250.0,5.572516323178269,25.0,baseline,5.0,1,0.095,33.36,0.37999999999999995,96.03737608745192,33.803782846000324,1.3302843105525228,0.030250450608139672,0.030652867606451195,0.01293061911040041,137.0564575813416,106,2.42186685187784,0.0005256348024866756
weak_cross_mode,250.0,5.572516323178269,25.0,baseline,5.0,2,0.095,33.36,0.37999999999999995,95.98075733693845,33.93415005503692,1.7210733064655972,0.030250450608139672,0.030771083038641928,0.01293061911040041,137.97068629058916,105,2.418553356128384,0.0006285391777227723
weak_cross_mode,250.0,5.572516323178269,25.0,baseline,10.0,0,0.095,38.36,0.37999999999999995,96.05375101682877,38.4650439243945,0.27383713345804217,0.034784391047009526,0.03487964362634349,0.01659709415379487,110.15512295788466,106,2.422565673788866,0.0004988789659622408
weak_cross_mode,250.0,5.572516323178269,25.0,baseline,10.0,1,0.095,38.36,0.37999999999999995,95.99033607385374,38.757670407771755,1.0366798951297065,0.034784391047009526,0.03514499383563717,0.01659709415379487,111.75389806173624,105,2.4210004147645523,0.000584101629299563
weak_cross_mode,250.0,5.572516323178269,25.0,baseline,10.0,2,0.095,38.36,0.37999999999999995,95.995700846284,38.68442478349992,0.8457371832636207,0.034784391047009526,0.035078575576065904,0.01659709415379487,111.35371801241067,105,2.4161579504917414,0.0005823614335309616
weak_cross_mode,250.0,5.572516323178269,25.0,asymmetric,0.0,0,0.095,28.36,0.37999856770826784,96.0349789113951,28.867672926027446,1.7901019958654643,0.025716510169269815,0.026176861931076857,0.05730972658729351,54.32387573651295,106,2.4217062911701976,0.0006023722542258846
weak_cross_mode,250.0,5.572516323178269,25.0,asymmetric,0.0,1,0.095,28.36,0.3799999999999992,95.98307265429008,28.85432200928618,1.7430254206141698,0.025716510169269815,0.026164755478815013,0.05730972658729351,54.34500033958256,105,2.4202346655055935,0.0007090879919317481
weak_cross_mode,250.0,5.572516323178269,25.0,asymmetric,0.0,2,0.095,28.36,0.37999999999999917,95.9882818352492,28.823853067325498,1.6355890949418148,0.025716510169269815,0.026137126605197996,0.05730972658729351,54.39321008557557,105,2.417097929383029,0.000707665971349739
weak_cross_mode,250.0,5.572516323178269,25.0,asymmetric,5.0,0,0.095,33.36,0.37999999999999995,95.97619819604422,33.98776959074591,1.8818033295740733,0.030250450608139672,0.030819704594894803,0.05353362000666873,42.429253633407264,105,2.419391571870819,0.0006336227027601966
weak_cross_mode,250.0,5.572516323178269,25.0,asymmetric,5.0,1,0.095,33.36,0.37999999999999995,95.97839481899473,33.950257429957674,1.769356804429472,0.030250450608139672,0.03078568901434537,0.05353362000666873,42.49279422816845,105,2.4194863319296194,0.0006221720496270899
weak_cross_mode,250.0,5.572516323178269,25.0,asymmetric,5.0,2,0.095,33.36,0.37999999999999995,95.98289751026277,33.94640298417398,1.7578027103536544,0.030250450608139672,0.030782193848823743,0.05353362000666873,42.499323144989674,105,2.41844698770394,0.0006235963175848379
weak_cross_mode,250.0,5.572516323178269,25.0,asymmetric,10.0,0,0.095,38.36,0.37999999999999995,96.00389545773035,38.59224506817525,0.6054355270470694,0.034784391047009526,0.0349949881082751,0.049883919376216904,29.847156065768917,105,2.4182581594440022,0.0005786034653302036
weak_cross_mode,250.0,5.572516323178269,25.0,asymmetric,10.0,1,0.095,38.36,0.37999999999999995,95.99384046264177,38.71346820762756,0.9214499677465015,0.034784391047009526,0.03510491180709301,0.049883919376216904,29.626797079962525,105,2.4176901742418244,0.0005846691420058882
weak_cross_mode,250.0,5.572516323178269,25.0,asymmetric,10.0,2,0.095,38.36,0.37999999999999995,95.9965875635621,38.66327186020171,0.7905940046968474,0.034784391047009526,0.035059394357197494,0.049883919376216904,29.718043819322027,105,2.4206747097950005,0.0005812081359196261
weak_cross_mode,250.0,5.572516323178269,80.0,baseline,0.0,0,0.11553425,28.36,0.3799999999999992,95.9845409260233,28.810123390625765,1.5871769768186352,0.025716510169269815,0.02612467669791769,0.01000257559896507,161.17949761480145,105,2.41902543648261,0.0007057860582545485
weak_cross_mode,250.0,5.572516323178269,80.0,baseline,0.0,1,0.11553425,28.36,0.37999999999999917,95.9846817889621,28.814912511833015,1.6040638640092275,0.025716510169269815,0.02612901941597933,0.01000257559896507,161.22291361319782,105,2.4170282291249228,0.0007032405035115764
weak_cross_mode,250.0,5.572516323178269,80.0,baseline,0.0,2,0.11553425,28.36,0.37999999999999934,95.98261943967712,28.83778879895611,1.684727781932694,0.025716510169269815,0.026149763360635053,0.01000257559896507,161.4302996454301,105,2.4182409516308363,0.0007092677332474204
weak_cross_mode,250.0,5.572516323178269,80.0,baseline,5.0,0,0.11553425,33.36,0.37999999999999995,95.98010060740394,33.93736611479052,1.7307137733528783,0.030250450608139672,0.030773999323316054,0.01293061911040041,137.99323961652988,105,2.4184909476558047,0.0006249258045359432
weak_cross_mode,250.0,5.572516323178269,80.0,baseline,5.0,1,0.11553425,33.36,0.37999999999999995,95.97837014736595,33.91473951982962,1.662888248889727,0.030250450608139672,0.030753481796538615,0.01293061911040041,137.83456564583858,105,2.4161256998045104,0.0006238741698097724
weak_cross_mode,250.0,5.572516323178269,80.0,baseline,5.0,2,0.11553425,33.36,0.37999999999999995,95.98190528354378,33.93076890766651,1.7109379726214304,0.030250450608139672,0.030768017054483423,0.01293061911040041,137.94697525144764,105,2.420774874768629,0.0006279160068353132
weak_cross_mode,250.0,5.572516323178269,80.0,baseline,10.0,0,0.11553425,38.36,0.37999999999999995,95.99340696117704,38.68143091016895,0.8379325082610846,0.034784391047009526,0.03507586076739307,0.01659709415379487,111.33736087996522,105,2.417989708815749,0.0005776553633453362
weak_cross_mode,250.0,5.572516323178269,80.0,baseline,10.0,1,0.11553425,38.36,0.37999999999999995,95.99662938032955,38.65169258804083,0.7604082065715082,0.034784391047009526,0.03504889441113691,0.01659709415379487,111.17488450906392,105,2.419942238254484,0.0005793433899833243
weak_cross_mode,250.0,5.572516323178269,80.0,baseline,10.0,2,0.11553425,38.36,0.37999999999999995,95.99659750036913,38.66805124645073,0.8030533014878279,0.034784391047009526,0.035063728247714976,0.01659709415379487,111.26426061575226,105,2.420089969894637,0.0005803539597207547
weak_cross_mode,250.0,5.572516323178269,80.0,asymmetric,0.0,0,0.11553425,28.36,0.37999872743322266,96.03981062900785,28.773082438098623,1.4565671301079852,0.025716510169269815,0.026091088403406276,0.05730972658729351,54.47354235120171,106,2.4223107024597272,0.0005961561837151807
weak_cross_mode,250.0,5.572516323178269,80.0,asymmetric,0.0,1,0.11553425,28.36,0.37999873663944506,96.03957203799457,28.802997710565005,1.56205116560298,0.025716510169269815,0.0261182152161213,0.05730972658729351,54.42620865353748,106,2.423006919542744,0.0005906623150137821
weak_cross_mode,250.0,5.572516323178269,80.0,asymmetric,0.0,2,0.11553425,28.36,0.37999999999999917,95.98642531625832,28.808312186158577,1.5807905012643773,0.025716510169269815,0.02612303431928232,0.05730972658729351,54.41779977873038,105,2.4179759583274945,0.0007026941556898272
weak_cross_mode,250.0,5.572516323178269,80.0,asymmetric,5.0,0,0.11553425,33.36,0.37999999999999995,95.98450752018327,33.85470780375053,1.4829370616023,0.030250450608139672,0.030699045751509474,0.05353362000666873,42.654642544843284,105,2.4194672811825204,0.0006231344222016763
weak_cross_mode,250.0,5.572516323178269,80.0,asymmetric,5.0,1,0.11553425,33.36,0.37999999999999995,96.0358061801053,33.82384378413595,1.3904190171940913,0.030250450608139672,0.030671058626182152,0.05353362000666873,42.70692207558273,106,2.42125318310181,0.0005302376092288465
weak_cross_mode,250.0,5.572516323178269,80.0,asymmetric,5.0,2,0.11553425,33.36,0.37999999999999995,95.98414207955257,33.904175613768324,1.6312218638139184,0.030250450608139672,0.030743902572361877,0.05353362000666873,42.57085067564629,105,2.420112361806582,0.0006247570731390829
weak_cross_mode,250.0,5.572516323178269,80.0,asymmetric,10.0,0,0.11553425,38.36,0.37999999999999995,96.00263647346402,38.64665939453936,0.747287264179782,0.034784391047009526,0.03504433037122632,0.049883919376216904,29.74824189950407,105,2.4199790115540423,0.0005780512719558776
weak_cross_mode,250.0,5.572516323178269,80.0,asymmetric,10.0,1,0.11553425,38.36,0.37999999999999995,96.05205477258293,38.4801327099429,0.3131718194549077,0.034784391047009526,0.034893325957337754,0.049883919376216904,30.05095350632412,106,2.4216556547392556,0.0004998959141605382
weak_cross_mode,250.0,5.572516323178269,80.0,asymmetric,10.0,2,0.11553425,38.36,0.37999999999999995,96.00466234933978,38.597993536968296,0.6204211078422754,0.034784391047009526,0.03500020075129957,0.049883919376216904,29.83670651992398,105,2.419758559344389,0.0005828876166058586
weak_cross_mode,750.0,18.0,25.0,baseline,0.0,0,0.095,28.36,0.37999999723045236,96.00753956485612,28.7320252845218,1.3117957846325814,0.02601191955778277,0.026353142822043783,0.01012424568664229,160.29734597228855,111,2.5927208143249736,0.0005792828816224223
weak_cross_mode,750.0,18.0,25.0,baseline,0.0,1,0.095,28.36,0.37999999999999895,95.97928958171588,28.84580711659995,1.7130011163608974,0.02601191955778277,0.026457504030194486,0.01012424568664229,161.3281507490671,110,2.5783969740708956,0.0006964814060636785
weak_cross_mode,750.0,18.0,25.0,baseline,0.0,2,0.095,28.36,0.37999999999999995,95.97731665283405,28.831857394836668,1.6638130988598956,0.02601191955778277,0.026444709282650056,0.01012424568664229,161.20177345696607,110,2.5790687740007314,0.0006996002869656277
weak_cross_mode,750.0,18.0,25.0,baseline,5.0,0,0.095,33.36,0.37999999999999995,95.98545185848029,33.89996671501521,1.6186052608369632,0.03059794204681358,0.03109320194649115,0.013194241747683943,135.6573613026994,110,2.5782505110196707,0.0006117927881109133
weak_cross_mode,750.0,18.0,25.0,baseline,5.0,1,0.095,33.36,0.37999999999999995,95.99925582966382,33.869010315309154,1.5258102976893155,0.03059794204681358,0.031064808597444867,0.013194241747683943,135.44216629877835,111,2.591906564241159,0.0005190409106489034
weak_cross_mode,750.0,18.0,25.0,baseline,5.0,2,0.095,33.36,0.37999999999999995,96.01506608484509,33.61987587977782,0.7790044357848388,0.03059794204681358,0.030836301372617135,0.013194241747683943,133.71029546301892,111,2.591411865037453,0.0005203082284811603
weak_cross_mode,750.0,18.0,25.0,baseline,10.0,0,0.095,38.36,0.37999999999999995,96.02299966005263,38.576443441197604,0.5642425474390078,0.03518396453584439,0.035382487433631475,0.01696286781204609,108.5878863508256,111,2.5915737901078346,0.0004922014372295666
weak_cross_mode,750.0,18.0,25.0,baseline,10.0,1,0.095,38.36,0.37999999999999995,96.00977740237605,38.67814382965031,0.8293634766692253,0.03518396453584439,0.03547576748734894,0.01696286781204609,109.13779368224523,111,2.591211654007417,0.0004926645217718476
weak_cross_mode,750.0,18.0,25.0,baseline,10.0,2,0.095,38.36,0.37999999999999995,96.02416550101952,38.51408330889425,0.4016770304855461,0.03518396453584439,0.035325290439799054,0.01696286781204609,108.25069694119168,111,2.589688226355894,0.0004924088984905842
weak_cross_mode,750.0,18.0,25.0,asymmetric,0.0,0,0.095,28.36,0.3799999999999992,95.98893421760157,28.817810968906432,1.6142840934641511,0.02601191955778277,0.02643182583760875,0.056658646240710285,53.34899862359049,110,2.579431518286383,0.0006851374134830871
weak_cross_mode,750.0,18.0,25.0,asymmetric,0.0,1,0.095,28.36,0.37999999999999956,95.98743124379338,28.948491131051714,2.075074510055407,0.02601191955778277,0.02655168627010244,0.056658646240710285,53.13745027140348,112,2.5939902804874664,0.0006972962130959064
weak_cross_mode,750.0,18.0,25.0,asymmetric,0.0,2,0.095,28.36,0.37999999999999956,96.01626697264008,28.705535029489845,1.2183886794423258,0.02601191955778277,0.02632884584098044,0.056658646240710285,53.53075375446814,111,2.589765227314272,0.0005688995857726144
weak_cross_mode,750.0,18.0,25.0,asymmetric,5.0,0,0.095,33.36,0.37999999999999995,95.99832157153446,33.93941897016379,1.7368674165581215,0.03059794204681358,0.031129387732362023,0.05284206927255409,41.089763968553605,111,2.5923497672323257,0.0005131328503450877
weak_cross_mode,750.0,18.0,25.0,asymmetric,5.0,1,0.095,33.36,0.37999999999999995,96.0007735806016,33.819909499521884,1.3786255980871807,0.03059794204681358,0.031019773108358833,0.05284206927255409,41.29720214331132,111,2.5902221842481237,0.0005123130489634896
weak_cross_mode,750.0,18.0,25.0,asymmetric,5.0,2,0.095,33.36,0.37999999999999995,96.00215988235223,33.881996460928406,1.5647375927110385,0.03059794204681358,0.031076719548616013,0.05284206927255409,41.189434902093986,111,2.593101304943723,0.0005261086912392329
weak_cross_mode,750.0,18.0,25.0,asymmetric,10.0,0,0.095,38.36,0.37999999999999995,95.9977486144204,38.733901247021784,0.9747164938002713,0.03518396453584439,0.0355269084413481,0.049157192563455555,27.727954773886907,110,2.5782176391590204,0.0005717897995430177
weak_cross_mode,750.0,18.0,25.0,asymmetric,10.0,1,0.095,38.36,0.37999999999999995,96.01360824629197,38.71271078176349,0.9194754477671963,0.03518396453584439,0.03550747245130259,0.049157192563455555,27.76749321990459,111,2.5921619614212057,0.0004943226490254511
weak_cross_mode,750.0,18.0,25.0,asymmetric,10.0,2,0.095,38.36,0.37999999999999995,96.02764449660972,38.497016253698796,0.35718522862042934,0.03518396453584439,0.03530963646000947,0.049157192563455555,28.16994905795461,111,2.5912426098587638,0.0004852658873940334
weak_cross_mode,750.0,18.0,80.0,baseline,0.0,0,0.11553425,28.36,0.3799999972008977,96.00158425171252,28.8158307589863,1.607301688950291,0.02601191955778277,0.026430009580163404,0.01012424568664229,161.05658039328878,111,2.5909953545825037,0.0005775643326858397
weak_cross_mode,750.0,18.0,80.0,baseline,0.0,1,0.11553425,28.36,0.3799999999999996,96.00362382847213,28.830543529706915,1.6591802881061888,0.02601191955778277,0.02644350419964354,0.01012424568664229,161.1898705158106,111,2.590291894107537,0.0005719003895016307
weak_cross_mode,750.0,18.0,80.0,baseline,0.0,2,0.11553425,28.36,0.3799999999999987,95.99503451820944,28.73224594946041,1.312573869747568,0.02601191955778277,0.02635334521691798,0.01012424568664229,160.29934508294292,110,2.578483246696141,0.0006913306455911773
weak_cross_mode,750.0,18.0,80.0,baseline,5.0,0,0.11553425,33.36,0.37999999999999995,95.9880143139831,33.988132716652274,1.8828918364876204,0.03059794204681358,0.031174068199746247,0.013194241747683943,136.27025179539703,111,2.591060897699204,0.0005246278370210351
weak_cross_mode,750.0,18.0,80.0,baseline,5.0,1,0.11553425,33.36,0.37999999999999995,95.99940649450694,33.830495332530916,1.4103577114236134,0.03059794204681358,0.031029482482007743,0.013194241747683943,135.1744274160697,111,2.5923638930277715,0.0005084877529180065
weak_cross_mode,750.0,18.0,80.0,baseline,5.0,2,0.11553425,33.36,0.37999999999999995,95.99577977558054,33.91897590795663,1.6755872540666277,0.03059794204681358,0.031110637263756683,0.013194241747683943,135.78950468463034,111,2.5919676034682135,0.0005089584187926421
weak_cross_mode,750.0,18.0,80.0,baseline,10.0,0,0.11553425,38.36,0.37999999999999995,95.9950434276454,38.702892960703814,0.8938815451090045,0.03518396453584439,0.035498467501668,0.01696286781204609,109.27161547800868,110,2.5787393827489,0.0005727513539329092
weak_cross_mode,750.0,18.0,80.0,baseline,10.0,1,0.11553425,38.36,0.37999999999999995,96.0282704665649,38.46129253900616,0.26405771378039283,0.03518396453584439,0.03527687050821504,0.01696286781204609,107.96525032850495,111,2.590457520178219,0.0004921311473285591
weak_cross_mode,750.0,18.0,80.0,baseline,10.0,2,0.11553425,38.36,0.37999999999999995,96.0116689603545,38.68532037399697,0.8480718821610448,0.03518396453584439,0.0354823498461024,0.01696286781204609,109.17659819824098,111,2.5926249867786937,0.00048790661970297565
weak_cross_mode,750.0,18.0,80.0,asymmetric,0.0,0,0.11553425,28.36,0.37999999730824713,96.01437966965996,28.721047438323886,1.273086877023583,0.02601191955778277,0.026343073892134833,0.056658646240710285,53.505641874643224,111,2.5904211539309667,0.0005795877033999196
weak_cross_mode,750.0,18.0,80.0,asymmetric,0.0,1,0.11553425,28.36,0.3799999999999985,95.98174311875204,28.893569086153835,1.881414267115077,0.02601191955778277,0.026501311523493394,0.056658646240710285,53.226359467000975,110,2.5789196373459946,0.0007020386149559514
weak_cross_mode,750.0,18.0,80.0,asymmetric,0.0,2,0.11553425,28.36,0.37999999733133655,96.00142381418983,28.821766748276513,1.6282325397620323,0.02601191955778277,0.026435454096239312,0.056658646240710285,53.34259490788019,111,2.5931849094921042,0.0005890594842325221
weak_cross_mode,750.0,18.0,80.0,asymmetric,5.0,0,0.11553425,33.36,0.37999999999999995,95.98390613470283,33.940958282999425,1.7414816636673331,0.03059794204681358,0.031130799597018397,0.05284206927255409,41.08709211130841,110,2.5789327992175535,0.0006116173985312676
weak_cross_mode,750.0,18.0,80.0,asymmetric,5.0,1,0.11553425,33.36,0.37999999999999995,96.01740733672193,33.71857790587255,1.0748738185627853,0.03059794204681358,0.030926831314893793,0.05284206927255409,41.473088127233815,111,2.591389317597113,0.0005151922655858552
weak_cross_mode,750.0,18.0,80.0,asymmetric,5.0,2,0.11553425,33.36,0.37999999999999995,95.99873711821769,33.88625124822978,1.5774917512883038,0.03059794204681358,0.03108062205866604,0.05284206927255409,41.182049668881604,111,2.590748249099232,0.000520885591414559
weak_cross_mode,750.0,18.0,80.0,asymmetric,10.0,0,0.11553425,38.36,0.37999999999999995,95.98767951717737,38.75937718147997,1.0411292530760459,0.03518396453584439,0.035550275083018966,0.049157192563455555,27.68042024139565,110,2.5787753068058383,0.0005778520426451025
weak_cross_mode,750.0,18.0,80.0,asymmetric,10.0,1,0.11553425,38.36,0.37999999999999995,96.0083951441186,38.741696796349224,0.9950385723389612,0.03518396453584439,0.0355340585542541,0.049157192563455555,27.713409368559354,111,2.5926029256196252,0.0004902735425147004
weak_cross_mode,750.0,18.0,80.0,asymmetric,10.0,2,0.11553425,38.36,0.37999999999999995,96.02177103334216,38.59780267803152,0.6199235610832191,0.03518396453584439,0.03540207822172525,0.049157192563455555,27.981895678794587,111,2.591762372802439,0.0004926790336594447
full_chain,250.0,5.572516323178269,25.0,baseline,0.0,0,0.095,28.36,0.023750000000001267,96.89147073303958,28.499913622171924,0.4933484561774487,0.025716510169269815,0.025843382175172624,0.01000257559896507,158.36727670267788,105,2.4638817410855696,0.0007023220972299443
full_chain,250.0,5.572516323178269,25.0,baseline,0.0,1,0.095,28.36,0.02375000000000076,96.89437482168294,28.476279892581335,0.41001372560413846,0.025716510169269815,0.025821951390710203,0.01000257559896507,158.15302404094706,105,2.4621877334811346,0.0006913278736122671
full_chain,250.0,5.572516323178269,25.0,baseline,0.0,2,0.095,28.36,0.023750000000001804,96.88841560926127,28.575143663513103,0.7586165850250477,0.025716510169269815,0.02591159988050355,0.01000257559896507,159.04927809977792,105,2.462266091625476,0.0007004968754509446
full_chain,250.0,5.572516323178269,25.0,baseline,5.0,0,0.095,33.36,0.023761784459882026,96.85546647839267,33.626188993990525,0.7979286390603113,0.030250450608139672,0.030491827616986815,0.01293061911040041,135.81104165740604,104,2.449828575351698,0.0004306818213809704
full_chain,250.0,5.572516323178269,25.0,baseline,5.0,1,0.095,33.36,0.02375000000000001,96.91021664560249,33.28853789143732,-0.21421495372504978,0.030250450608139672,0.030185649619367826,0.01293061911040041,133.44318908201987,105,2.4602516023126912,0.0006043350825874161
full_chain,250.0,5.572516323178269,25.0,baseline,5.0,2,0.095,33.36,0.02375000000000001,96.87333187980335,33.5376127914247,0.5324124443186277,0.030250450608139672,0.030411507771639867,0.01293061911040041,135.18988156707175,104,2.4495968013275737,0.0004230448914570839
full_chain,250.0,5.572516323178269,25.0,baseline,10.0,0,0.095,38.36,0.02375002036046376,96.85669794628329,38.480748042579286,0.3147759191326663,0.034784391047009526,0.03489388393364245,0.01659709415379487,110.2409229609876,104,2.4490890441582387,0.00036792178802384535
full_chain,250.0,5.572516323178269,25.0,baseline,10.0,1,0.095,38.36,0.02375000000000001,96.901826241998,38.38150049344413,0.05604925298260925,0.034784391047009526,0.03480388743834593,0.01659709415379487,109.69868047888454,105,2.464159992807959,0.0005310680440177957
full_chain,250.0,5.572516323178269,25.0,baseline,10.0,2,0.095,38.36,0.02375000000000001,96.89821587378,38.45096820556303,0.23714339302145065,0.034784391047009526,0.03486687993218025,0.01659709415379487,110.07821977203196,105,2.462612386088753,0.0005327615548116303
full_chain,250.0,5.572516323178269,25.0,asymmetric,0.0,0,0.095,28.36,0.02375000000000078,96.89050622864755,28.48977313219604,0.4575921445558516,0.025716510169269815,0.0258341868996583,0.05730972658729351,54.921810941973405,105,2.462097814249445,0.0006959590880009105
full_chain,250.0,5.572516323178269,25.0,asymmetric,0.0,1,0.095,28.36,0.023750000000001614,96.88922960673214,28.49491420109202,0.47572003205931196,0.025716510169269815,0.0258388487596916,0.05730972658729351,54.913676441407965,105,2.4642266856948054,0.0006995453431860806
full_chain,250.0,5.572516323178269,25.0,asymmetric,0.0,2,0.095,28.36,0.023750000000000916,96.8928732290134,28.50254252454451,0.5026182106647038,0.025716510169269815,0.025845766032528004,0.05730972658729351,54.90160646088578,105,2.4645173033780337,0.0006880438690812238
full_chain,250.0,5.572516323178269,25.0,asymmetric,5.0,0,0.095,33.36,0.02375000000000001,96.90892396594985,33.28825788426818,-0.21505430375247364,0.030250450608139672,0.03018539571220235,0.05353362000666873,43.61413312149986,105,2.460419490657855,0.0006106130204997294
full_chain,250.0,5.572516323178269,25.0,asymmetric,5.0,1,0.095,33.36,0.02375000000000001,96.91495602228157,33.21686980274801,-0.4290473538728796,0.030250450608139672,0.030120661850270826,0.05353362000666873,43.73505500558589,105,2.4622732166157464,0.0006068928118163839
full_chain,250.0,5.572516323178269,25.0,asymmetric,5.0,2,0.095,33.36,0.02375000000000001,96.917024254994,33.2339556046436,-0.3778309213321444,0.030250450608139672,0.030136155051899812,0.05353362000666873,43.70611393710023,105,2.463066048639458,0.000607952106510157
full_chain,250.0,5.572516323178269,25.0,asymmetric,10.0,0,0.095,38.36,0.02375000000000001,96.89418433734151,38.454443807001425,0.24620387643750646,0.034784391047009526,0.034870031566162446,0.049883919376216904,30.097650701465554,105,2.466532705839974,0.000530437804114088
full_chain,250.0,5.572516323178269,25.0,asymmetric,10.0,1,0.095,38.36,0.02375000000000001,96.8932548675565,38.44440924570203,0.22004495751312037,0.034784391047009526,0.03486093234551012,0.049883919376216904,30.11589149081433,105,2.462249574433422,0.0005350088367417625
full_chain,250.0,5.572516323178269,25.0,asymmetric,10.0,2,0.095,38.36,0.02375000000000001,96.89995672350986,38.38641429075017,0.06885894356144232,0.034784391047009526,0.03480834321120878,0.049883919376216904,30.22131451081546,105,2.463328724122694,0.0005280569433408087
full_chain,250.0,5.572516323178269,80.0,baseline,0.0,0,0.11553425,28.36,0.023750000000001752,96.89214461330465,28.476575082768296,0.41105459368228264,0.025716510169269815,0.02582221906565537,0.01000257559896507,158.15570010115295,105,2.459844936772174,0.0007020486488734518
full_chain,250.0,5.572516323178269,80.0,baseline,0.0,1,0.11553425,28.36,0.023750000000001444,96.88998384765277,28.521717993641694,0.570232699723887,0.025716510169269815,0.02586315411948281,0.01000257559896507,158.56494523429322,105,2.4644211548781203,0.0007030486583489174
full_chain,250.0,5.572516323178269,80.0,baseline,0.0,2,0.11553425,28.36,0.02375000000002357,96.87483933928593,28.501964002825726,0.5005782892303425,0.025716510169269815,0.02584524143592489,0.01000257559896507,158.38586452272355,104,2.449069529983976,0.0005079539384593414
full_chain,250.0,5.572516323178269,80.0,baseline,5.0,0,0.11553425,33.36,0.02375000000000001,96.91200471462246,33.2676753102966,-0.2767526669766053,0.030250450608139672,0.030166731679309205,0.01293061911040041,133.29688564598868,105,2.4589441526054783,0.0006143912276713577
full_chain,250.0,5.572516323178269,80.0,baseline,5.0,1,0.11553425,33.36,0.02375000000000001,96.91504761081562,33.26673879845033,-0.27955995668366246,0.030250450608139672,0.030165882461522943,0.01293061911040041,133.29031815081302,105,2.458865976314112,0.0006089831338547257
full_chain,250.0,5.572516323178269,80.0,baseline,5.0,2,0.11553425,33.36,0.02375000000000001,96.91518782766549,33.27409977139549,-0.25749469006147535,0.030250450608139672,0.030172557304104047,0.01293061911040041,133.34193859159865,105,2.4643887630978596,0.0006059824228370931
full_chain,250.0,5.572516323178269,80.0,baseline,10.0,0,0.11553425,38.36,0.02375000000000001,96.89557448371527,38.44040744821772,0.209612743007609,0.034784391047009526,0.034857303563221656,0.01659709415379487,110.02052070212333,105,2.4605320681336686,0.0005281908305965966
full_chain,250.0,5.572516323178269,80.0,baseline,10.0,1,0.11553425,38.36,0.02375000000000001,96.89735755982524,38.4113882273652,0.13396305361106636,0.034784391047009526,0.03483098927943611,0.01659709415379487,109.86197316638182,105,2.459554019174947,0.0005357462407704191
full_chain,250.0,5.572516323178269,80.0,baseline,10.0,2,0.11553425,38.36,0.02375000000000001,96.8957382490923,38.433909179201294,0.1926725213798069,0.034784391047009526,0.03485141101028641,0.01659709415379487,109.98501718035837,105,2.460897449108996,0.0005296413994134637
full_chain,250.0,5.572516323178269,80.0,asymmetric,0.0,0,0.11553425,28.36,0.02375000000000198,96.89163310876677,28.483334536033244,0.43488905512427867,0.025716510169269815,0.025828348457355894,0.05730972658729351,54.93199846623863,105,2.4654278650191226,0.0007019470397226775
full_chain,250.0,5.572516323178269,80.0,asymmetric,0.0,1,0.11553425,28.36,0.023750000000001825,96.8894031378807,28.505620134562566,0.5134701500795661,0.025716510169269815,0.025848556772631193,0.05730972658729351,54.89673688591243,105,2.4585252409817557,0.0006944176826047183
full_chain,250.0,5.572516323178269,80.0,asymmetric,0.0,2,0.11553425,28.36,0.023750000000001433,96.89130377851909,28.481844592832605,0.4296353767017153,0.025716510169269815,0.025826997394610092,0.05730972658729351,54.93435594170789,105,2.458403949813112,0.0006956894074126077
full_chain,250.0,5.572516323178269,80.0,asymmetric,5.0,0,0.11553425,33.36,0.02375000000000001,96.91708297967,33.227499336758235,-0.3971842423314262,0.030250450608139672,0.03013030058508989,0.05353362000666873,43.71704999337514,105,2.4603433077696732,0.0006114163245606773
full_chain,250.0,5.572516323178269,80.0,asymmetric,5.0,1,0.11553425,33.36,0.02375000000000001,96.91462643348991,33.269716159762304,-0.2706350127029247,0.030250450608139672,0.030168582297293644,0.05353362000666873,43.64554032860936,105,2.46460285987702,0.0006086408912269996
full_chain,250.0,5.572516323178269,80.0,asymmetric,5.0,2,0.11553425,33.36,0.02375000000000001,96.91086286091719,33.29322496480788,-0.20016497359750215,0.030250450608139672,0.030189899801666763,0.05353362000666873,43.60571954987169,105,2.4648842661659365,0.0006027997310752803
full_chain,250.0,5.572516323178269,80.0,asymmetric,10.0,0,0.11553425,38.36,0.02375000000000001,96.89025226423317,38.502163731605485,0.3706040969903273,0.034784391047009526,0.03491330342534288,0.049883919376216904,30.010905594582344,105,2.461062797787163,0.0005386285380842069
full_chain,250.0,5.572516323178269,80.0,asymmetric,10.0,1,0.11553425,38.36,0.02375000000000001,96.90147703165476,38.37931431150647,0.050350134271311825,0.034784391047009526,0.03480190503460715,0.049883919376216904,30.23422082748451,105,2.4634791431640366,0.0005315025763934961
full_chain,250.0,5.572516323178269,80.0,asymmetric,10.0,2,0.11553425,38.36,0.02375000000000001,96.90144991020236,38.38757862030296,0.07189421351137677,0.034784391047009526,0.034809399011377494,0.049883919376216904,30.21919799675258,105,2.464451446743734,0.0005279858810813524
full_chain,750.0,18.0,25.0,baseline,0.0,0,0.095,28.36,0.023750000000001707,96.89424874871197,28.54599233549384,0.6558262887653035,0.02601191955778277,0.026182512564455192,0.01012424568664229,158.61198330064065,109,2.5950853883962,0.0004975996690220897
full_chain,750.0,18.0,25.0,baseline,0.0,1,0.095,28.36,0.023750000000000156,96.91861305353665,28.380478535150427,0.07220922126385083,0.02601191955778277,0.026030702562331223,0.01012424568664229,157.11251354434793,109,2.594848142172829,0.00048825698249682284
full_chain,750.0,18.0,25.0,baseline,0.0,2,0.095,28.36,0.02375000000000136,96.8959463745382,28.431758338184167,0.25302658033910147,0.02601191955778277,0.026077736628320386,0.01012424568664229,157.57708213982585,110,2.5993241313994306,0.0006871855324788644
full_chain,750.0,18.0,25.0,baseline,5.0,0,0.095,33.36,0.02375000000000001,96.87311746352927,33.703737916241145,1.0303894371737012,0.03059794204681358,0.030913220009656482,0.013194241747683943,134.29326672055896,110,2.599199389140096,0.0005836296446716168
full_chain,750.0,18.0,25.0,baseline,5.0,1,0.095,33.36,0.02375000000000001,96.90758248786616,33.29267829541829,-0.20180367080848116,0.03059794204681358,0.030536194276571258,0.013194241747683943,131.4357646352163,110,2.599186809730259,0.000585642968935761
full_chain,750.0,18.0,25.0,baseline,5.0,2,0.095,33.36,0.02375000000000001,96.91515322407595,33.22454987972011,-0.4060255404073622,0.03059794204681358,0.030473706587264476,0.013194241747683943,130.96216645123764,110,2.5992192837915375,0.0005928964905096642
full_chain,750.0,18.0,25.0,baseline,10.0,0,0.095,38.36,0.02375000000000038,96.91345886493806,38.354006332220436,-0.015624785661009416,0.03518396453584439,0.03517846711679862,0.01696286781204609,107.38513974516042,109,2.594949875187876,0.00034105333700702945
full_chain,750.0,18.0,25.0,baseline,10.0,1,0.095,38.36,0.023750000000000233,96.91195648847818,38.364175957612765,0.010886229438923749,0.03518396453584439,0.035187794742949474,0.01696286781204609,107.44012824270817,109,2.5950008558706754,0.00034466469152868296
full_chain,750.0,18.0,25.0,baseline,10.0,2,0.095,38.36,0.02375000000000001,96.89315620583277,38.44241240772398,0.21483943619389448,0.03518396453584439,0.03525955356688386,0.01696286781204609,107.86316298382327,110,2.5992761374223137,0.0005284773081250624
full_chain,750.0,18.0,25.0,asymmetric,0.0,0,0.095,28.36,0.023750000000013826,96.87460426704926,28.505919237707776,0.5145248156127477,0.02601191955778277,0.026145757338924786,0.056658646240710285,53.85389684771788,108,2.580790297456799,0.0006792743169414601
full_chain,750.0,18.0,25.0,asymmetric,0.0,1,0.095,28.36,0.023750000000000254,96.90280396338122,28.525243874138912,0.5826652825772719,0.02601191955778277,0.026163481982377897,0.056658646240710285,53.82261363742406,109,2.5950659589083633,0.0004909891765687276
full_chain,750.0,18.0,25.0,asymmetric,0.0,2,0.095,28.36,0.023750000000000233,96.92170186916319,28.257498506945346,-0.36142980625759374,0.02601191955778277,0.025917904727321195,0.056658646240710285,54.256046610766525,109,2.5949853889922543,0.0004978506738803776
full_chain,750.0,18.0,25.0,asymmetric,5.0,0,0.095,33.36,0.02375000000000001,96.86709265169813,33.71158488475279,1.0539115250383229,0.03059794204681358,0.030920417284469495,0.05284206927255409,41.485226240885666,109,2.594838355617741,0.00041138511161263483
full_chain,750.0,18.0,25.0,asymmetric,5.0,1,0.095,33.36,0.02375000000000002,96.87558175265315,33.72547531352811,1.0955495009835403,0.03059794204681358,0.030933157648218676,0.05284206927255409,41.46111597434129,109,2.595097641469973,0.000408962940943052
full_chain,750.0,18.0,25.0,asymmetric,5.0,2,0.095,33.36,0.02375000000000001,96.86639020112463,33.75807046972874,1.19325680374322,0.03059794204681358,0.03096305407209259,0.05284206927255409,41.40453903803754,109,2.5949727278233543,0.00041218939838492887
full_chain,750.0,18.0,25.0,asymmetric,10.0,0,0.095,38.36,0.02375000000000001,96.87339414786692,38.48626471270077,0.3291572281042214,0.03518396453584439,0.03529977509824774,0.049157192563455555,28.19000993052987,109,2.5951149952250785,0.00035445149504993094
full_chain,750.0,18.0,25.0,asymmetric,10.0,1,0.095,38.36,0.02375000000000001,96.89721561698016,38.45338049170108,0.24343193874109478,0.03518396453584439,0.03526961354283997,0.049157192563455555,28.251367290124474,109,2.5950402973335387,0.0003598401963430564
full_chain,750.0,18.0,25.0,asymmetric,10.0,2,0.095,38.36,0.02375000000000001,96.88523847564238,38.59846698845356,0.6216553400770712,0.03518396453584439,0.03540268753023229,0.049157192563455555,27.980656168409098,109,2.5950666151992885,0.000349323220078425
full_chain,750.0,18.0,80.0,baseline,0.0,0,0.11553425,28.36,0.02375000000000019,96.92934039053749,28.248018978879976,-0.3948555046545289,0.02601191955778277,0.025909210061542558,0.01012424568664229,155.91249820938867,109,2.595143289409542,0.00048651177141053383
full_chain,750.0,18.0,80.0,baseline,0.0,1,0.11553425,28.36,0.023750000000058957,96.87105436202603,28.55357563385501,0.6825657047073824,0.02601191955778277,0.026189467999820266,0.01012424568664229,158.68068407678095,109,2.5951752814407825,0.0004934606846286136
full_chain,750.0,18.0,80.0,baseline,0.0,2,0.11553425,28.36,0.023750000037001635,96.91360431335899,28.41807730332098,0.20478597785959404,0.02601191955778277,0.026065188321609225,0.01012424568664229,157.45313901260877,109,2.5949903207676877,0.0004914270224296944
full_chain,750.0,18.0,80.0,baseline,5.0,0,0.11553425,33.36,0.02375000000000001,96.91049780760385,33.24845686158935,-0.3343619256914195,0.03059794204681358,0.030495634178563914,0.013194241747683943,131.1283570646792,110,2.5992684983493373,0.0005859166768955407
full_chain,750.0,18.0,80.0,baseline,5.0,1,0.11553425,33.36,0.02375000000000001,96.91256140695943,33.22500204656807,-0.40467012419642956,0.03059794204681358,0.030474121316731186,0.013194241747683943,130.96530971232565,110,2.5992036629719286,0.0006029010672731035
full_chain,750.0,18.0,80.0,baseline,5.0,2,0.11553425,33.36,0.02375000000000001,96.86475302922955,33.77171262981138,1.234150568978969,0.03059794204681358,0.030975566722680186,0.013194241747683943,134.76579643629387,109,2.5949539672606763,0.00041874143507020077
full_chain,750.0,18.0,80.0,baseline,10.0,0,0.11553425,38.36,0.02375000000000097,96.9230885274219,38.273597014286544,-0.22524240279836938,0.03518396453584439,0.035104715328724126,0.01696286781204609,106.95035602290493,109,2.5949968139664543,0.0003528013484038852
full_chain,750.0,18.0,80.0,baseline,10.0,1,0.11553425,38.36,0.02375000000000001,96.87489467809229,38.43908372585482,0.20616195478316351,0.03518396453584439,0.035256500484901705,0.01696286781204609,107.8451643646276,108,2.580802636735747,0.0005365898900874397
full_chain,750.0,18.0,80.0,baseline,10.0,2,0.11553425,38.36,0.02375000000000001,96.93480231440968,38.15125050166356,-0.544185344985489,0.03518396453584439,0.034992498557055426,0.01696286781204609,106.2888123917684,109,2.5950393134347394,0.0003543545715104619
full_chain,750.0,18.0,80.0,asymmetric,0.0,0,0.11553425,28.36,0.02375000000003648,96.88671088950207,28.285547283433704,-0.26252720933108675,0.02601191955778277,0.025943631191274276,0.056658646240710285,54.21064054186085,109,2.5950696738426426,0.0005088406448623404
full_chain,750.0,18.0,80.0,asymmetric,0.0,1,0.11553425,28.36,0.02375000000000039,96.91194711580931,28.379482690044636,0.06869777871874022,0.02601191955778277,0.02602978916872107,0.056658646240710285,54.05857552943405,109,2.594816095689112,0.0004978162853147875
full_chain,750.0,18.0,80.0,asymmetric,0.0,2,0.11553425,28.36,0.023750000000002047,96.88180488554961,28.579888660759526,0.7753478870223025,0.02601191955778277,0.02621360242644798,0.056658646240710285,53.73415327453937,110,2.599242729592134,0.0006931653599074538
full_chain,750.0,18.0,80.0,asymmetric,5.0,0,0.11553425,33.36,0.02375000000000002,96.88046474090108,33.717466156985765,1.0715412379669218,0.03059794204681358,0.030925811613814407,0.05284206927255409,41.47501784174618,109,2.5951227960487655,0.00040673542928995957
full_chain,750.0,18.0,80.0,asymmetric,5.0,1,0.11553425,33.36,0.02375000000000001,96.87151821971999,33.69972591241133,1.0183630467965539,0.03059794204681358,0.03090954018169855,0.05284206927255409,41.50581041353576,110,2.5991147680282616,0.0006035854908978288
full_chain,750.0,18.0,80.0,asymmetric,5.0,2,0.11553425,33.36,0.02375000000000001,96.87556511965754,33.723674157315315,1.0901503516646167,0.03059794204681358,0.030931505619639053,0.05284206927255409,41.4642423253763,110,2.5991546328874033,0.0005948413223176008
full_chain,750.0,18.0,80.0,asymmetric,10.0,0,0.11553425,38.36,0.02375000000000001,96.88053382212082,38.38801282874656,0.07302614376059423,0.03518396453584439,0.03520965802836701,0.049157192563455555,28.373334211639715,108,2.580690218989326,0.0005367455101548294
full_chain,750.0,18.0,80.0,asymmetric,10.0,1,0.11553425,38.36,0.0237500000000004,96.90850318891815,38.37229949932836,0.03206334548582596,0.03518396453584439,0.03519524569194913,0.049157192563455555,28.402653087812865,109,2.5949439708268076,0.0003524850545082364
full_chain,750.0,18.0,80.0,asymmetric,10.0,2,0.11553425,38.36,0.02375000000000001,96.89041409984634,38.4844379175064,0.3243949882857149,0.03518396453584439,0.03529809955347889,0.049157192563455555,28.19341847500013,110,2.5993538946038766,0.000536632434496866
